k,noisy,prediction,overlap_mean,overlap_median,overlap_trimmed_mean
10,20.151791803786132,23.080737495335335,24.073499207878935,23.791853787445966,24.073499183044234
