k,noisy,prediction,overlap_mean,overlap_median,overlap_trimmed_mean
10,20.149720448558632,20.01258192895131,20.464316927261322,20.239057809571324,20.464316908401322
