k,noisy,prediction,overlap_mean,overlap_median,overlap_trimmed_mean
10,20.187794414524912,20.350372280429013,20.794597859297323,20.57185311235889,20.79459788176886
