k,noisy,prediction,overlap_mean,overlap_median,overlap_trimmed_mean
10,20.16711809267577,19.28350068227148,19.707568828335535,19.51099509617545,19.70756882931139
