k,noisy,prediction,overlap_mean,overlap_median,overlap_trimmed_mean
10,20.21080170370858,16.625875689075677,16.810783053089363,16.65638278594097,16.810783064469202
