k,noisy,prediction,overlap_mean,overlap_median,overlap_trimmed_mean
10,20.162467797567167,20.956564290043247,21.501262939081457,21.275977251797134,21.501262959961064
