k,noisy,prediction,overlap_mean,overlap_median,overlap_trimmed_mean
10,20.173128640903254,18.176931081434663,18.440578318345278,18.252939644307,18.440578304680283
