k,noisy,prediction,overlap_mean,overlap_median,overlap_trimmed_mean
10,20.137741735960528,14.948550865403373,15.075519306658506,14.96115363783123,15.075519310965202
