k,noisy,prediction,overlap_mean,overlap_median,overlap_trimmed_mean
10,20.180292055890007,20.430093288486407,20.91539123780208,20.696851955922313,20.915391237610077
