k,noisy,prediction,overlap_mean,overlap_median,overlap_trimmed_mean
10,20.15032423318275,18.9697992212843,19.29217060560555,19.152885880404213,19.29217061290226
