k,noisy,prediction,overlap_mean,overlap_median,overlap_trimmed_mean
10,0.2779327107249908,0.47339470936703354,0.545816004729443,0.5403964892796317,0.5458160046121362
