k,noisy,prediction,overlap_mean,overlap_median,overlap_trimmed_mean
10,0.5035504461595288,0.5376446496762916,0.5772347773396288,0.5752782802774411,0.5772347794805696
