k,noisy,prediction,overlap_mean,overlap_median,overlap_trimmed_mean
10,0.44381839661094724,0.4442183287064914,0.48968847107284835,0.4851448186757806,0.4896884704779317
