k,noisy,prediction,overlap_mean,overlap_median,overlap_trimmed_mean
10,0.3503845499022525,0.4012682374766575,0.45563317979645357,0.4511947423122196,0.4556331801836076
