k,noisy,prediction,overlap_mean,overlap_median,overlap_trimmed_mean
10,0.24308397829418757,0.4640227304167384,0.544316452237271,0.5388071185617886,0.5443164531137581
