k,noisy,prediction,overlap_mean,overlap_median,overlap_trimmed_mean
10,0.38088763364939543,0.44604188808746714,0.4954420169743263,0.4915846552469344,0.4954420166856701
