k,noisy,prediction,overlap_mean,overlap_median,overlap_trimmed_mean
10,0.30292231302704864,0.45316330392822834,0.5198086762201318,0.515210981511175,0.5198086760049354
