k,noisy,prediction,overlap_mean,overlap_median,overlap_trimmed_mean
10,0.21538756891822805,0.4485446962184945,0.5340117853152574,0.5288319164841488,0.5340117849634317
