k,noisy,prediction,overlap_mean,overlap_median,overlap_trimmed_mean
10,0.3206722177383773,0.4515313980745728,0.516608268545911,0.5118869752930042,0.5166082687420125
