k,noisy,prediction,overlap_mean,overlap_median,overlap_trimmed_mean
10,0.1680823623588159,0.3954840387937528,0.487523053227839,0.48053377528791835,0.487523053156072
