k,noisy,prediction,overlap_mean,overlap_median,overlap_trimmed_mean
10,20.187794414524912,23.208596427218225,23.549607419183417,23.34256933411714,23.54960742094864
