k,noisy,prediction,overlap_mean,overlap_median,overlap_trimmed_mean
10,20.162467797567167,23.940462644551893,24.392233633541075,24.182259469777044,24.392233631555342
