k,noisy,prediction,overlap_mean,overlap_median,overlap_trimmed_mean
10,20.173128640903254,20.62985534862895,20.888828928287086,20.69529301417113,20.888828960851708
