k,noisy,prediction,overlap_mean,overlap_median,overlap_trimmed_mean
10,20.180292055890007,23.214291942293734,23.633131683015396,23.418731108408785,23.63313171731057
