k,noisy,prediction,overlap_mean,overlap_median,overlap_trimmed_mean
10,20.149720448558632,22.76545274710159,23.155131808901267,22.9412680987798,23.15513183092576
