k,noisy,prediction,overlap_mean,overlap_median,overlap_trimmed_mean
10,20.151791803786132,26.8185192028134,27.74151312883085,27.46004173558253,27.741513144204
