k,noisy,prediction,overlap_mean,overlap_median,overlap_trimmed_mean
10,20.16711809267577,22.020047538993282,22.403710742375306,22.2105363171202,22.40371075616455
