k,noisy,prediction,overlap_mean,overlap_median,overlap_trimmed_mean
10,0.2779327107249908,0.8092806316980746,0.855773941472204,0.8506012682831775,0.8557739415835733
