k,noisy,prediction,overlap_mean,overlap_median,overlap_trimmed_mean
10,0.24308397829418757,0.81544652552159,0.8706450097117342,0.8670387523691503,0.8706450096948253
