k,noisy,prediction,overlap_mean,overlap_median,overlap_trimmed_mean
10,0.3206722177383773,0.7760017389332666,0.8232975366985491,0.8181936510394135,0.8232975367359606
