k,noisy,prediction,overlap_mean,overlap_median,overlap_trimmed_mean
10,0.21538756891822805,0.8215801914550315,0.8770537124498536,0.8724996237914204,0.8770537114555763
