k,noisy,prediction,overlap_mean,overlap_median,overlap_trimmed_mean
10,0.44381839661094724,0.7195345018522168,0.763075496748826,0.7555121297924121,0.7630754964516349
