k,noisy,prediction,overlap_mean,overlap_median,overlap_trimmed_mean
10,0.3503845499022525,0.7424306688813191,0.7807111568431074,0.7745267886361726,0.780711158137765
