k,noisy,prediction,overlap_mean,overlap_median,overlap_trimmed_mean
10,0.1680823623588159,0.8061318197358353,0.8762480013197407,0.8707497954395316,0.8762480018690652
