k,noisy,prediction,overlap_mean,overlap_median,overlap_trimmed_mean
10,0.30292231302704864,0.7871389215940494,0.8339891991379211,0.829353098665383,0.83398919856549
