k,noisy,prediction,overlap_mean,overlap_median,overlap_trimmed_mean
10,30.569824179895768,2.3702763996343674,2.3908429378068004,2.35719479899593,2.3908571126721285
1,20.15050042773141,18.383672799697443,18.450379079478324,18.450379079478324,nan
