k,noisy,prediction,overlap_mean,overlap_median,overlap_trimmed_mean
10,30.629970990344376,2.425324977396494,2.4421099804412334,2.408253311857354,2.4416163926468917
