k,noisy,prediction,overlap_mean,overlap_median,overlap_trimmed_mean
10,30.637866961496762,2.8082465757624235,2.8251803180849677,2.793256299818925,2.8247883937696923
1,20.164761619500908,18.669716174143907,18.713545231155805,18.713545231155805,nan
