k,noisy,prediction,overlap_mean,overlap_median,overlap_trimmed_mean
10,30.638019255503348,2.6370341457344293,2.6548616340092037,2.615778115109311,2.6546519467015717
