k,noisy,prediction,overlap_mean,overlap_median,overlap_trimmed_mean
10,30.627414429039213,8.031810369078574,8.099153708303533,8.0473531850777,8.098400451933644
