k,noisy,prediction,overlap_mean,overlap_median,overlap_trimmed_mean
10,30.603075786945816,2.331218319158366,2.3482467222603622,2.313196335690536,2.348306714046456
1,20.199149410084075,18.323400444121237,18.303450949845654,18.303450949845654,nan
