k,noisy,prediction,overlap_mean,overlap_median,overlap_trimmed_mean
10,30.609366709392884,9.846578429288915,9.949446796745477,9.853287939432217,9.947777605313961
1,20.199332945496522,26.572363767619454,26.66712800773674,26.66712800773674,nan
