k,noisy,prediction,overlap_mean,overlap_median,overlap_trimmed_mean
10,30.62770808380213,4.711284952016178,4.738084354226043,4.69822851541713,4.7381556089351875
