k,noisy,prediction,overlap_mean,overlap_median,overlap_trimmed_mean
10,30.65987729341222,3.849378185364083,3.8727894384540913,3.827688648508156,3.8727216559680286
