k,noisy,prediction,overlap_mean,overlap_median,overlap_trimmed_mean
10,30.67024845293308,6.9205691504917315,6.9697637792072875,6.905961902954206,6.969290070797577
