k,noisy,prediction,overlap_mean,overlap_median,overlap_trimmed_mean
10,30.62984583658266,4.655516642918168,4.67479373507265,4.6330758252659665,4.674531211481891
