k,noisy,prediction,overlap_mean,overlap_median,overlap_trimmed_mean
10,30.624117349405488,3.4145207742615686,3.443422982012537,3.4087563519067747,3.44321010769642
