k,noisy,prediction,overlap_mean,overlap_median,overlap_trimmed_mean
10,30.63075899724727,5.752118653606311,5.788562931691098,5.731739032342307,5.787548445604847
