k,noisy,prediction,overlap_mean,overlap_median,overlap_trimmed_mean
10,30.624132944312304,7.284007400763227,7.335781956100405,7.277792393115346,7.335475137404952
