k,noisy,prediction,overlap_mean,overlap_median,overlap_trimmed_mean
10,30.590158355660474,5.657975578116446,5.695713111250912,5.648298126321938,5.695058167982588
