k,noisy,prediction,overlap_mean,overlap_median,overlap_trimmed_mean
10,30.617155521649373,5.6525908426588405,5.685664698350158,5.644126838931251,5.685008683647451
