k,noisy,prediction,overlap_mean,overlap_median,overlap_trimmed_mean
10,30.58257748022536,3.8776905823455325,3.9082554085269217,3.8738153433719056,3.9081138484595614
