k,noisy,prediction,overlap_mean,overlap_median,overlap_trimmed_mean
10,30.642982104515916,5.1095148236911,5.132376324997586,5.090198552383866,5.132764031466529
