k,noisy,prediction,overlap_mean,overlap_median,overlap_trimmed_mean
10,30.640155853664535,5.917420595018176,5.950345557657757,5.902821852742623,5.950154596264693
