k,noisy,prediction,overlap_mean,overlap_median,overlap_trimmed_mean
10,30.601744007068312,6.658501275257864,6.709179024521755,6.649291245451725,6.708038150921354
