k,noisy,prediction,overlap_mean,overlap_median,overlap_trimmed_mean
10,30.646180040420347,4.800462222465621,4.825744437710671,4.784854797657716,4.825797575317832
