k,noisy,prediction,overlap_mean,overlap_median,overlap_trimmed_mean
10,30.647431007751198,5.44537148763356,5.485613791909803,5.436886361170269,5.485267914261786
