k,noisy,prediction,overlap_mean,overlap_median,overlap_trimmed_mean
10,30.664213018813395,6.076708835100398,6.113680750708589,6.062927798987436,6.113521968996459
