k,noisy,prediction,overlap_mean,overlap_median,overlap_trimmed_mean
10,30.601907094013832,1.1815844149925918,1.192442885592924,1.1605135295677347,1.1923748505254437
1,20.180292055890007,17.14755420507975,17.12540464256119,17.12540464256119,nan
