k,noisy,prediction,overlap_mean,overlap_median,overlap_trimmed_mean
10,30.65751497810078,5.942512758737912,5.973471370652863,5.927322140857579,5.973433964073273
