k,noisy,prediction,overlap_mean,overlap_median,overlap_trimmed_mean
10,30.665890875783603,5.074219120848907,5.1135436857051,5.067020823421745,5.112862310236301
1,20.060356657574097,21.114414053140425,21.033096806713928,21.033096806713928,nan
