k,noisy,prediction,overlap_mean,overlap_median,overlap_trimmed_mean
10,30.629116133453607,2.482959491551848,2.500823254329212,2.4696010561417934,2.500636448977622
