k,noisy,prediction,overlap_mean,overlap_median,overlap_trimmed_mean
10,30.6078991387895,3.0445503600976775,3.056172803140225,3.0225475618770927,3.0561107253356443
1,20.14809139678527,18.971496776973428,18.95495475735544,18.95495475735544,nan
