k,noisy,prediction,overlap_mean,overlap_median,overlap_trimmed_mean
10,30.652505683128723,5.8970762766155165,5.9358918540412695,5.881817305275117,5.935182680399366
