k,noisy,prediction,overlap_mean,overlap_median,overlap_trimmed_mean
10,30.640105479276407,4.89584559126985,4.926568182233489,4.891791096789428,4.926584385009848
