k,noisy,prediction,overlap_mean,overlap_median,overlap_trimmed_mean
10,30.6293554664744,4.287477583751052,4.31613949489437,4.273949286705607,4.315844751269269
