k,noisy,prediction,overlap_mean,overlap_median,overlap_trimmed_mean
10,30.626499241378475,6.9844343892088165,7.036943259779079,6.979649904101968,7.035825351833628
1,20.185044868978995,23.20300032756045,23.106539603398637,23.106539603398637,nan
