k,noisy,prediction,overlap_mean,overlap_median,overlap_trimmed_mean
10,30.658363246776904,2.2573985539766546,2.27674894982216,2.236663058547446,2.276730590703778
1,20.129204501022308,18.19901704449425,18.188166963585935,18.188166963585935,nan
