k,noisy,prediction,overlap_mean,overlap_median,overlap_trimmed_mean
10,30.660196049111,3.3226977147324437,3.3310112511899534,3.3038977725911947,3.3308750965808582
