k,noisy,prediction,overlap_mean,overlap_median,overlap_trimmed_mean
10,30.670095967925285,7.4536406186658795,7.517533879841684,7.44513196310632,7.516468748708326
