k,noisy,prediction,overlap_mean,overlap_median,overlap_trimmed_mean
10,30.648499091537165,2.280387677841676,2.292754402753894,2.259557909736802,2.2926875961961852
1,20.189796623452786,18.005021814464776,17.97348474344757,17.97348474344757,nan
