k,noisy,prediction,overlap_mean,overlap_median,overlap_trimmed_mean
10,30.629026817502737,2.7456335196665838,2.759786530287463,2.718252578858393,2.7594960023823614
1,20.155454381074676,18.5734505643511,18.579077986170628,18.579077986170628,nan
