k,noisy,prediction,overlap_mean,overlap_median,overlap_trimmed_mean
10,30.62037650815366,6.91969284740018,6.991263460922038,6.938785518731323,6.991069722157569
