k,noisy,prediction,overlap_mean,overlap_median,overlap_trimmed_mean
10,30.649959509831053,3.0260005932673484,3.042138786951924,3.007850056148284,3.041693250230288
