k,noisy,prediction,overlap_mean,overlap_median,overlap_trimmed_mean
10,30.631717913525733,6.343090423389571,6.390094818954363,6.330868909332063,6.390041865815464
