k,noisy,prediction,overlap_mean,overlap_median,overlap_trimmed_mean
10,30.62600527315356,2.41767632946038,2.4355755759210473,2.4020040992879546,2.435587034346079
