k,noisy,prediction,overlap_mean,overlap_median,overlap_trimmed_mean
10,30.638451726381568,5.017580707834574,5.053988551201886,5.008541346915045,5.054074411171596
