k,noisy,prediction,overlap_mean,overlap_median,overlap_trimmed_mean
10,30.626606118837966,3.7598839498667336,3.783578835522727,3.747555142588212,3.783382001688591
