k,noisy,prediction,overlap_mean,overlap_median,overlap_trimmed_mean
10,30.636134907096,2.7535741451727977,2.7637179335236017,2.725320819839005,2.7635875485001193
1,20.19873713408167,18.63634604188445,18.624818903613104,18.624818903613104,nan
