k,noisy,prediction,overlap_mean,overlap_median,overlap_trimmed_mean
10,30.643247936807512,5.0699995705141285,5.091618447156144,5.04877428356588,5.090772326552462
