k,noisy,prediction,overlap_mean,overlap_median,overlap_trimmed_mean
10,30.60729535416538,5.045023013862325,5.0796869781079135,5.03315925429876,5.0796390543671475
1,20.158119832801326,21.046876717731923,21.053507174779412,21.053507174779412,nan
