k,noisy,prediction,overlap_mean,overlap_median,overlap_trimmed_mean
10,30.630216159140737,5.30982324688291,5.338755841317695,5.298159767894481,5.338936083477998
