k,noisy,prediction,overlap_mean,overlap_median,overlap_trimmed_mean
10,30.646965986171253,4.360635454955235,4.380341358790628,4.343589890179283,4.380161899774484
