k,noisy,prediction,overlap_mean,overlap_median,overlap_trimmed_mean
10,30.654441522752286,2.259326055862705,2.2857248666916905,2.250997834164328,2.2855058095127285
