k,noisy,prediction,overlap_mean,overlap_median,overlap_trimmed_mean
10,30.601910358638737,7.48021609517425,7.547745770687437,7.491310983993574,7.5472537309717636
