k,noisy,prediction,overlap_mean,overlap_median,overlap_trimmed_mean
10,30.65389661608155,4.403188992462341,4.430337794066673,4.388312944106977,4.430179022442872
