k,noisy,prediction,overlap_mean,overlap_median,overlap_trimmed_mean
10,30.632411192776196,5.0717076123207905,5.106597496721311,5.0663472894260355,5.106791965467857
