k,noisy,prediction,overlap_mean,overlap_median,overlap_trimmed_mean
10,30.620193656378426,2.0028775304906516,2.018425775554965,1.9911441213112278,2.0180529071504614
