k,noisy,prediction,overlap_mean,overlap_median,overlap_trimmed_mean
10,30.633746744649606,4.625972733400232,4.6496854270155055,4.604212093078296,4.648840625730435
