k,noisy,prediction,overlap_mean,overlap_median,overlap_trimmed_mean
10,30.606171973244866,1.7933611605568556,1.8115114667845593,1.7781194015205917,1.8109056258725946
