k,noisy,prediction,overlap_mean,overlap_median,overlap_trimmed_mean
10,30.57916925979807,2.6592666549563293,2.6746424141378835,2.644530867463656,2.6740949359443578
1,20.162467797567167,18.590102497456314,18.580258376884366,18.580258376884366,nan
