k,noisy,prediction,overlap_mean,overlap_median,overlap_trimmed_mean
10,30.60150053748248,5.007361452443138,5.03878467737314,4.998083809899361,5.038513310878984
