k,noisy,prediction,overlap_mean,overlap_median,overlap_trimmed_mean
10,30.597308900274456,5.10012741937037,5.133236467082063,5.089700657692796,5.132415788747862
