k,noisy,prediction,overlap_mean,overlap_median,overlap_trimmed_mean
10,30.62004270317392,3.5770096299407603,3.597440231214566,3.5632523666836273,3.5973712545119523
1,20.21080170370858,19.422270778741083,19.426542246757755,19.426542246757755,nan
