k,noisy,prediction,overlap_mean,overlap_median,overlap_trimmed_mean
10,30.62894321996766,4.975655590969936,5.006208293721077,4.956861972908545,5.005635665208126
1,20.15032423318275,20.931417172383146,20.93476445079647,20.93476445079647,nan
