k,noisy,prediction,overlap_mean,overlap_median,overlap_trimmed_mean
10,30.634315361329932,3.8210205392404455,3.8439244228547076,3.7993925344589563,3.8437429830837577
