k,noisy,prediction,overlap_mean,overlap_median,overlap_trimmed_mean
10,30.597950758231672,0.6171842732540481,0.6244462227175827,0.5884933581876683,0.6237359304205967
