k,noisy,prediction,overlap_mean,overlap_median,overlap_trimmed_mean
10,30.643022838603443,1.4681114222593559,1.4849830225257423,1.4565589754442763,1.4844979982322535
