k,noisy,prediction,overlap_mean,overlap_median,overlap_trimmed_mean
10,30.66837660931533,7.122270909709723,7.173124633085095,7.114341434627689,7.1726446781634845
1,20.157203912396234,23.11422602052624,23.065174128636954,23.065174128636954,nan
