k,noisy,prediction,overlap_mean,overlap_median,overlap_trimmed_mean
10,30.66048703645233,7.431809772759111,7.478884364516155,7.4239055207560645,7.478909022074204
