k,noisy,prediction,overlap_mean,overlap_median,overlap_trimmed_mean
10,30.652156615663007,3.7527368604344784,3.7780820418928514,3.740030778039392,3.7774774122252106
