k,noisy,prediction,overlap_mean,overlap_median,overlap_trimmed_mean
10,30.613663600393114,2.9621059179831777,2.981152796410504,2.9474930229274303,2.980925989405559
1,20.151791803786132,18.865123984332058,18.909053719129584,18.909053719129584,nan
