k,noisy,prediction,overlap_mean,overlap_median,overlap_trimmed_mean
10,30.62842565501559,0.837304262689066,0.8509875910098172,0.8188231923818035,0.8505018640253904
1,20.184528069428843,16.65290235271287,16.63522806331215,16.63522806331215,nan
