k,noisy,prediction,overlap_mean,overlap_median,overlap_trimmed_mean
10,30.64722621933398,2.4908318338427367,2.5022038171681347,2.472898030628969,2.5024033364023044
