k,noisy,prediction,overlap_mean,overlap_median,overlap_trimmed_mean
10,30.63559523733469,6.4370643565972845,6.477099329112591,6.419140765189349,6.4766164627562
1,20.187759000104442,22.88493725987243,22.84743077213151,22.84743077213151,nan
