k,noisy,prediction,overlap_mean,overlap_median,overlap_trimmed_mean
10,30.644998155755722,4.594671979963368,4.619632021179933,4.573647429911032,4.619478546474076
