k,noisy,prediction,overlap_mean,overlap_median,overlap_trimmed_mean
10,30.59929433927492,0.6299339748169133,0.6432781045339209,0.6133217248821685,0.6430197454993953
