k,noisy,prediction,overlap_mean,overlap_median,overlap_trimmed_mean
10,30.632104416145957,4.255643957450956,4.284368936596762,4.250013448073403,4.2846414257552805
