k,noisy,prediction,overlap_mean,overlap_median,overlap_trimmed_mean
10,30.60724179293237,3.1824531411142813,3.210856464975931,3.1704132154460867,3.2102388820929058
