k,noisy,prediction,overlap_mean,overlap_median,overlap_trimmed_mean
10,30.614539557740635,5.667071931476299,5.693814922628606,5.644237762380967,5.6937331251261565
