k,noisy,prediction,overlap_mean,overlap_median,overlap_trimmed_mean
10,30.61173872703177,3.8298710191864154,3.8607412607337945,3.824536979618227,3.8604309717536105
