k,noisy,prediction,overlap_mean,overlap_median,overlap_trimmed_mean
10,30.57073659535626,2.836135028945585,2.8523563293162626,2.8266192348571773,2.852577697425303
