k,noisy,prediction,overlap_mean,overlap_median,overlap_trimmed_mean
10,30.62907481793452,2.8921372887661407,2.9087839627827283,2.87875634990671,2.9084345120910666
