k,noisy,prediction,overlap_mean,overlap_median,overlap_trimmed_mean
10,30.640161370951805,3.992866781339204,4.013252334678021,3.9782689795306307,4.013174137291163
