k,noisy,prediction,overlap_mean,overlap_median,overlap_trimmed_mean
10,30.645369320131664,3.684234846212045,3.702655323263393,3.6696727412953463,3.7027591403170677
1,20.137741735960528,19.595691079199547,19.5898846789536,19.5898846789536,nan
