k,noisy,prediction,overlap_mean,overlap_median,overlap_trimmed_mean
10,30.63765441349527,1.809687913824645,1.8292215880597578,1.7985719594633114,1.82962819814935
