k,noisy,prediction,overlap_mean,overlap_median,overlap_trimmed_mean
10,30.59251227284396,4.935334130039384,4.9562661724456945,4.916545632930768,4.955851268653248
1,20.142734035984763,20.824883471911576,20.76347493237708,20.76347493237708,nan
