k,noisy,prediction,overlap_mean,overlap_median,overlap_trimmed_mean
10,30.58573338696668,5.3263720169870234,5.361568650948185,5.308180542091094,5.361307410170469
