k,noisy,prediction,overlap_mean,overlap_median,overlap_trimmed_mean
10,30.63063159853735,3.3225223282345717,3.335802853968239,3.3042996410028187,3.3355381155236543
