k,noisy,prediction,overlap_mean,overlap_median,overlap_trimmed_mean
10,30.603188220141337,5.508042848197704,5.541848322521478,5.499956619066109,5.541511552783128
