k,noisy,prediction,overlap_mean,overlap_median,overlap_trimmed_mean
10,30.62948955971377,3.587042404053759,3.607691226931913,3.5692006720051532,3.6073597597480003
