k,noisy,prediction,overlap_mean,overlap_median,overlap_trimmed_mean
10,30.59531664156728,4.310442630753134,4.333767916255358,4.288099737426238,4.333362136860891
1,20.19101968071332,20.08658519301973,20.12180163209329,20.12180163209329,nan
