k,noisy,prediction,overlap_mean,overlap_median,overlap_trimmed_mean
10,30.676298588708626,2.946820059834261,2.9705504872482047,2.929680881546792,2.9705726433700814
