k,noisy,prediction,overlap_mean,overlap_median,overlap_trimmed_mean
10,30.661538984321716,3.50727667562654,3.5263378959089158,3.490016443531192,3.526154504711185
