k,noisy,prediction,overlap_mean,overlap_median,overlap_trimmed_mean
10,30.65016709826665,1.8458265179022006,1.8641023960761125,1.8351871398773207,1.8637763163777445
