k,noisy,prediction,overlap_mean,overlap_median,overlap_trimmed_mean
10,30.607133934140435,6.0536267718719925,6.095727486559727,6.052342348804931,6.095363770417168
