k,noisy,prediction,overlap_mean,overlap_median,overlap_trimmed_mean
10,30.621131482053418,4.2662743349698875,4.293812881593002,4.2522138342134435,4.29349236724952
