k,noisy,prediction,overlap_mean,overlap_median,overlap_trimmed_mean
10,30.622045945066464,6.883429374922239,6.930259590310365,6.872778691755089,6.929738892362365
1,20.15306991908996,22.964957386380767,22.91267121635371,22.91267121635371,nan
