k,noisy,prediction,overlap_mean,overlap_median,overlap_trimmed_mean
10,30.631716704811666,5.474192824060461,5.5045486214371975,5.448418926990768,5.504571067337331
