k,noisy,prediction,overlap_mean,overlap_median,overlap_trimmed_mean
10,30.63484107004249,-0.44264731638253624,-0.43526875250782143,-0.46357477613846987,-0.43533903262795803
