k,noisy,prediction,overlap_mean,overlap_median,overlap_trimmed_mean
10,30.623971694434047,4.61950457122509,4.642712671124799,4.597010862819938,4.6422422794753
