k,noisy,prediction,overlap_mean,overlap_median,overlap_trimmed_mean
10,30.64540000278846,2.3066868477019464,2.320741232173365,2.2932254783780555,2.321069717589872
