k,noisy,prediction,overlap_mean,overlap_median,overlap_trimmed_mean
10,30.611595952278925,6.9733745263546565,7.024077980762381,6.957853464047588,7.023244999147674
1,20.137586312607777,23.422688483951823,23.324163700782798,23.324163700782798,nan
