k,noisy,prediction,overlap_mean,overlap_median,overlap_trimmed_mean
10,30.66007397735945,4.221030913666574,4.252470572270098,4.211510196254226,4.252316938380454
