k,noisy,prediction,overlap_mean,overlap_median,overlap_trimmed_mean
10,0.653142343700576,-0.022160379716129115,-0.02254634879942927,-0.022349712109655966,-0.022515480298720837
1,0.1918713934062929,0.8149634297596934,0.813365460850858,0.813365460850858,nan
