k,noisy,prediction,overlap_mean,overlap_median,overlap_trimmed_mean
10,0.7891279541409626,-0.12029198671247818,-0.12250961148746245,-0.12182664262781025,-0.12247114956130832
