k,noisy,prediction,overlap_mean,overlap_median,overlap_trimmed_mean
10,0.7635264086699286,-0.05500500712250728,-0.05671888218707365,-0.05584411062801394,-0.05670282214168653
