k,noisy,prediction,overlap_mean,overlap_median,overlap_trimmed_mean
10,0.7226453005124289,-0.043966215712813554,-0.04502123724279816,-0.04456556613506447,-0.04504835046590939
