k,noisy,prediction,overlap_mean,overlap_median,overlap_trimmed_mean
10,0.6981119731735119,-0.046030752953853823,-0.04759478519037078,-0.047301761612357454,-0.047576916921200994
