k,noisy,prediction,overlap_mean,overlap_median,overlap_trimmed_mean
10,0.7786727359696114,-0.0995024188774376,-0.10171423733859104,-0.09990491995052969,-0.10170371416273422
