k,noisy,prediction,overlap_mean,overlap_median,overlap_trimmed_mean
10,0.6042636393722021,-0.008258220983620302,-0.008477356726669185,-0.008238763328396386,-0.00848244042943776
