k,noisy,prediction,overlap_mean,overlap_median,overlap_trimmed_mean
10,0.6207603988795536,-0.0011531727896764204,-0.0011810919230340676,-0.0015965968055925983,-0.0011752233731768473
1,0.1745964991419883,0.7971884594707269,0.796295875747817,0.796295875747817,nan
