k,noisy,prediction,overlap_mean,overlap_median,overlap_trimmed_mean
10,0.8084688282732477,-0.12344127619141453,-0.1273738356921207,-0.1261491395239449,-0.12736012704554311
1,0.38088763364939543,0.7245326963883653,0.725072050044822,0.725072050044822,nan
