k,noisy,prediction,overlap_mean,overlap_median,overlap_trimmed_mean
10,0.7125885783298384,-0.04377591541589729,-0.04526228063345235,-0.04462223666226086,-0.04525091404130489
