k,noisy,prediction,overlap_mean,overlap_median,overlap_trimmed_mean
10,0.6681651902075266,-0.009633417819891542,-0.009571215879085103,-0.009597016141334859,-0.009578388351035498
