k,noisy,prediction,overlap_mean,overlap_median,overlap_trimmed_mean
10,0.7228782744500852,-0.06648170142575315,-0.06926246275878191,-0.06713712997750425,-0.06924018224671936
