k,noisy,prediction,overlap_mean,overlap_median,overlap_trimmed_mean
10,0.7567253014303719,-0.05799280322010352,-0.059782173178633984,-0.05809312443037079,-0.059752723223732464
1,0.2958093137272223,0.7318282081778589,0.7275524551631657,0.7275524551631657,nan
