k,noisy,prediction,overlap_mean,overlap_median,overlap_trimmed_mean
10,0.6711440538845697,0.0011183029726499494,0.0008604625181253809,0.0008644161183227215,0.0008626687586263897
1,0.21877001388621053,0.7927004144109341,0.7897850513314348,0.7897850513314348,nan
