k,noisy,prediction,overlap_mean,overlap_median,overlap_trimmed_mean
10,0.8258166685445738,-0.13666717005487888,-0.1392732705781246,-0.13654302969802787,-0.13927111817286603
