k,noisy,prediction,overlap_mean,overlap_median,overlap_trimmed_mean
10,0.8218144613320297,-0.11227932951733692,-0.11540298219446521,-0.11301816493501712,-0.1153783333009024
