k,noisy,prediction,overlap_mean,overlap_median,overlap_trimmed_mean
10,0.9093201240357862,-0.22445651217911597,-0.22732502331907833,-0.22377887132146915,-0.22728482096265343
