k,noisy,prediction,overlap_mean,overlap_median,overlap_trimmed_mean
10,0.8054537189226525,-0.131434606790505,-0.13395844961723144,-0.13257927754357518,-0.13393112775457802
