k,noisy,prediction,overlap_mean,overlap_median,overlap_trimmed_mean
10,0.6843202622854163,-0.02297518318921492,-0.023639455702513038,-0.02355822166981005,-0.023626868042747638
1,0.21273819074257,0.81834703657055,0.814346760903592,0.814346760903592,nan
