k,noisy,prediction,overlap_mean,overlap_median,overlap_trimmed_mean
10,0.7396318870797689,-0.020945688853248025,-0.021992859306421128,-0.021695574671637883,-0.021970456415944598
