k,noisy,prediction,overlap_mean,overlap_median,overlap_trimmed_mean
10,0.7889928616670576,-0.08975877853802909,-0.09272767496336819,-0.09187924220454247,-0.09269701692664217
