k,noisy,prediction,overlap_mean,overlap_median,overlap_trimmed_mean
10,0.7418504809656405,-0.08007180035436705,-0.08319066139796365,-0.08213822115585158,-0.08318010571870568
