k,noisy,prediction,overlap_mean,overlap_median,overlap_trimmed_mean
10,0.6593638312522936,-0.02066530749578166,-0.02160599149862255,-0.021349311774079834,-0.02159000251490537
1,0.2086004784734775,0.8030044802662368,0.7984669925642892,0.7984669925642892,nan
