k,noisy,prediction,overlap_mean,overlap_median,overlap_trimmed_mean
10,0.8386782650341479,-0.14212831967484882,-0.1455576399025494,-0.14339053379241448,-0.1455263719129957
