k,noisy,prediction,overlap_mean,overlap_median,overlap_trimmed_mean
10,0.8784390878601671,-0.2063916512924227,-0.2104118471422594,-0.20871543117508795,-0.21038931021416213
1,0.4978649744868526,0.6863655870164533,0.6836055374985472,0.6836055374985472,nan
