k,noisy,prediction,overlap_mean,overlap_median,overlap_trimmed_mean
10,0.9291349507160602,-0.23184144310353674,-0.23495732744527864,-0.23162905560584235,-0.23494068549691188
