k,noisy,prediction,overlap_mean,overlap_median,overlap_trimmed_mean
10,0.6769099880310859,-0.03754847414910045,-0.038863196789038726,-0.03845108136405044,-0.038855374707269026
