k,noisy,prediction,overlap_mean,overlap_median,overlap_trimmed_mean
10,0.7916518746400035,-0.10737958841539817,-0.11004125302512939,-0.10737726633371104,-0.11002422626236931
