k,noisy,prediction,overlap_mean,overlap_median,overlap_trimmed_mean
10,0.7333068561355055,-0.05226683954278955,-0.05465138540646559,-0.05319515577142333,-0.05462524623531685
