k,noisy,prediction,overlap_mean,overlap_median,overlap_trimmed_mean
10,0.6952691839211981,-0.02269438570016173,-0.023774073579158186,-0.023941134006161855,-0.023746181130661938
