k,noisy,prediction,overlap_mean,overlap_median,overlap_trimmed_mean
10,0.7311929401905645,-0.11286686869427615,-0.11486546829171237,-0.11388011386823654,-0.11485338349419273
