k,noisy,prediction,overlap_mean,overlap_median,overlap_trimmed_mean
10,0.7792045034325132,-0.09133830462825712,-0.09434996725730499,-0.09258253189223689,-0.09431267016111872
1,0.31324883927691416,0.6853573973353996,0.686778505178832,0.686778505178832,nan
