k,noisy,prediction,overlap_mean,overlap_median,overlap_trimmed_mean
10,0.7156615841223829,-0.005177933939530839,-0.005702763474466697,-0.005310886736503229,-0.0056925270167249515
