k,noisy,prediction,overlap_mean,overlap_median,overlap_trimmed_mean
10,0.8621572811435979,-0.16879868002110374,-0.17273585123158253,-0.17067913232017595,-0.17271336081028257
