k,noisy,prediction,overlap_mean,overlap_median,overlap_trimmed_mean
10,0.6904043149143304,-0.04123095497289965,-0.04286008941199233,-0.04213755237017972,-0.04284696283691761
