k,noisy,prediction,overlap_mean,overlap_median,overlap_trimmed_mean
10,0.8966886289605863,-0.20842400777742748,-0.21162479009861365,-0.20833813099441342,-0.2115969691663164
