k,noisy,prediction,overlap_mean,overlap_median,overlap_trimmed_mean
10,0.8060607845807637,-0.12072263940655632,-0.12443947499739051,-0.12230051094623154,-0.12442200221447358
