k,noisy,prediction,overlap_mean,overlap_median,overlap_trimmed_mean
10,0.6892504165894776,-0.005060836394768062,-0.005462780505687962,-0.005583606312245109,-0.0054720952990821884
