k,noisy,prediction,overlap_mean,overlap_median,overlap_trimmed_mean
10,0.7493472640728418,-0.06858715348929852,-0.07080445020146044,-0.07040516540740886,-0.07077713611706349
1,0.292477494858524,0.7998269117449084,0.7975854386071,0.7975854386071,nan
