k,noisy,prediction,overlap_mean,overlap_median,overlap_trimmed_mean
10,0.7216230234921788,-0.011339011194139374,-0.011855661271972687,-0.011231929010028594,-0.011819569904495007
