k,noisy,prediction,overlap_mean,overlap_median,overlap_trimmed_mean
10,0.6720198961221784,-0.004846415104403835,-0.0050066631817568515,-0.004986569564336325,-0.004992079389247675
1,0.21444275205610833,0.8371350929647923,0.8356189235634451,0.8356189235634451,nan
