k,noisy,prediction,overlap_mean,overlap_median,overlap_trimmed_mean
10,0.8361941708090169,-0.14086083474100541,-0.14408934916401622,-0.14180471364895061,-0.14406526716738027
1,0.3880577005919651,0.6410514210685748,0.6383260966233223,0.6383260966233223,nan
