k,noisy,prediction,overlap_mean,overlap_median,overlap_trimmed_mean
10,0.7228179229682927,-0.012355694759746716,-0.013001002371712757,-0.01191078595246047,-0.012966440491955096
