k,noisy,prediction,overlap_mean,overlap_median,overlap_trimmed_mean
10,0.8403423350042193,-0.11372642882348276,-0.11592660278803692,-0.11201725352212849,-0.1159128479288517
