k,noisy,prediction,overlap_mean,overlap_median,overlap_trimmed_mean
10,0.7747273613177835,-0.0462119986932918,-0.0480006254542484,-0.04775783987955009,-0.04800285700171307
