k,noisy,prediction,overlap_mean,overlap_median,overlap_trimmed_mean
10,0.7526005943425305,-0.03874950805816697,-0.040717967772896185,-0.040367869986575156,-0.040719931693744625
1,0.27626455603165734,0.8242577523624496,0.8265907757657872,0.8265907757657872,nan
