k,noisy,prediction,overlap_mean,overlap_median,overlap_trimmed_mean
10,0.7363586325546984,-0.0856171883761716,-0.08780447951426888,-0.08680544669239154,-0.08776200191101614
1,0.28477528324817425,0.7232757970857028,0.7210266043637481,0.7210266043637481,nan
