k,noisy,prediction,overlap_mean,overlap_median,overlap_trimmed_mean
10,0.7116606764328172,-0.052059665660066465,-0.05427640080952533,-0.053682209545748136,-0.054257633735367544
