k,noisy,prediction,overlap_mean,overlap_median,overlap_trimmed_mean
10,0.7670971249741555,-0.05536140460754976,-0.057412842853644785,-0.056437755718424513,-0.05739678252712831
