k,noisy,prediction,overlap_mean,overlap_median,overlap_trimmed_mean
10,0.7759949065235283,-0.05494782549614253,-0.05693733940054618,-0.05605573465401466,-0.05690393105762537
