k,noisy,prediction,overlap_mean,overlap_median,overlap_trimmed_mean
10,0.6967653525433116,-0.031592130728380775,-0.032960479327753985,-0.0326408738528923,-0.032951528477784424
1,0.22535647266854922,0.8074075693376612,0.8095209755667246,0.8095209755667246,nan
