k,noisy,prediction,overlap_mean,overlap_median,overlap_trimmed_mean
10,0.7559671943435315,-0.07203769910337943,-0.07404696944682662,-0.07296099598459403,-0.07403010297185332
