k,noisy,prediction,overlap_mean,overlap_median,overlap_trimmed_mean
10,0.7910792719589405,-0.06535225816453588,-0.06776494600663903,-0.06729484270533,-0.0677496035737963
1,0.3583878614053419,0.8094447664966308,0.8086388149165943,0.8086388149165943,nan
