k,noisy,prediction,overlap_mean,overlap_median,overlap_trimmed_mean
10,0.7931304031822819,-0.08695310533389052,-0.0890657146726534,-0.08616123987958825,-0.08902257312499762
