k,noisy,prediction,overlap_mean,overlap_median,overlap_trimmed_mean
10,0.7077044098998201,-0.008782960070594367,-0.008923468682431875,-0.009166926380611081,-0.00895631841139445
