k,noisy,prediction,overlap_mean,overlap_median,overlap_trimmed_mean
10,0.7758411077339994,-0.08937747414082726,-0.09241795914208595,-0.09118447244278283,-0.0924060374754369
