k,noisy,prediction,overlap_mean,overlap_median,overlap_trimmed_mean
10,0.7497900368975072,-0.05397395414577061,-0.056175058342854856,-0.05597791764454579,-0.05618759525466903
