k,noisy,prediction,overlap_mean,overlap_median,overlap_trimmed_mean
10,0.7319651465718614,-0.03145066135037861,-0.03268846738406984,-0.032438312111942015,-0.03267093115267669
1,0.25734146951538994,0.8245331500327353,0.8243062017413818,0.8243062017413818,nan
