k,noisy,prediction,overlap_mean,overlap_median,overlap_trimmed_mean
10,0.7297382856385927,-0.05884801500368797,-0.06147754005916893,-0.060143507287716357,-0.06146765894558415
