k,noisy,prediction,overlap_mean,overlap_median,overlap_trimmed_mean
10,0.632158187426456,-0.014379894965838995,-0.015172779139927348,-0.015539715072337718,-0.015183970345258225
1,0.168429793377577,0.8066928309459439,0.8095132508874504,0.8095132508874504,nan
