k,noisy,prediction,overlap_mean,overlap_median,overlap_trimmed_mean
10,0.8524684323684417,-0.16399141392762456,-0.16776848961741261,-0.16542386534781003,-0.16776310683404042
