k,noisy,prediction,overlap_mean,overlap_median,overlap_trimmed_mean
10,0.6780778741991518,-0.022220527184283714,-0.022641066301964337,-0.022453943878362984,-0.02262945962308605
