k,noisy,prediction,overlap_mean,overlap_median,overlap_trimmed_mean
10,0.8412732419273179,-0.15427001925581318,-0.15815674374526192,-0.15634691457715158,-0.1581163831474426
1,0.4069614202542207,0.6327873629348202,0.6315369486891461,0.6315369486891461,nan
