k,noisy,prediction,overlap_mean,overlap_median,overlap_trimmed_mean
10,0.7665171190008047,-0.09745160919498513,-0.10047132816344427,-0.09961429720386197,-0.10045164265727123
