k,noisy,prediction,overlap_mean,overlap_median,overlap_trimmed_mean
10,0.8297515166858578,-0.14310403066799823,-0.1469515569812286,-0.1452141523030593,-0.14692134258749645
