k,noisy,prediction,overlap_mean,overlap_median,overlap_trimmed_mean
10,0.8377254511919977,-0.13038881606366737,-0.13406683688882823,-0.13224032539664385,-0.1340405557798769
