k,noisy,prediction,overlap_mean,overlap_median,overlap_trimmed_mean
10,0.7779353090686615,-0.10730738226236161,-0.11099952462824013,-0.10981808507292863,-0.1109876216404727
