k,noisy,prediction,overlap_mean,overlap_median,overlap_trimmed_mean
10,0.7723176705237212,-0.09808890922947382,-0.10069792213515112,-0.09876538895073797,-0.10064381494098114
