k,noisy,prediction,overlap_mean,overlap_median,overlap_trimmed_mean
10,0.721781788620563,-0.01162927612214737,-0.01210701129410389,-0.011682225996289809,-0.012098848270424744
