k,noisy,prediction,overlap_mean,overlap_median,overlap_trimmed_mean
10,0.7426913153140312,-0.05700560975415736,-0.05872126790566422,-0.05830730684791844,-0.0587029131561675
