k,noisy,prediction,overlap_mean,overlap_median,overlap_trimmed_mean
10,0.7054388368777507,-0.03335423103552957,-0.03438562247315744,-0.03412702589834886,-0.03438316694921745
