k,noisy,prediction,overlap_mean,overlap_median,overlap_trimmed_mean
10,0.6607616578312288,-0.05517617866416461,-0.056553660590636365,-0.05615214693733566,-0.05653204201742411
