k,noisy,prediction,overlap_mean,overlap_median,overlap_trimmed_mean
10,0.8083503515991254,-0.09788370653044688,-0.10050334066032549,-0.09955359291320054,-0.10045943884945797
