k,noisy,prediction,overlap_mean,overlap_median,overlap_trimmed_mean
10,0.6967177895996514,-0.0067603338879896665,-0.006969665342153194,-0.006984586020521186,-0.006943126009515148
