k,noisy,prediction,overlap_mean,overlap_median,overlap_trimmed_mean
10,0.738864521246008,-0.08570614620052625,-0.08864537388036497,-0.08787878803754991,-0.08863035103198198
