k,noisy,prediction,overlap_mean,overlap_median,overlap_trimmed_mean
10,0.7590386286379115,-0.09846060899819013,-0.10170784311497924,-0.10052054480120151,-0.10168218905263336
