k,noisy,prediction,overlap_mean,overlap_median,overlap_trimmed_mean
10,0.8461220565378219,-0.06263046372972143,-0.06391392900567702,-0.06256474491477557,-0.06388617521501044
1,0.4739105284031017,0.7552268985131053,0.7581227524562473,0.7581227524562473,nan
