k,noisy,prediction,overlap_mean,overlap_median,overlap_trimmed_mean
10,0.7329352828481135,-0.04740351167422689,-0.04914903095563685,-0.04882911836551277,-0.0491188432232288
