k,noisy,prediction,overlap_mean,overlap_median,overlap_trimmed_mean
10,0.7839006272578533,-0.08860402513276287,-0.09176982305474382,-0.09011269997781422,-0.09173682926254798
