k,noisy,prediction,overlap_mean,overlap_median,overlap_trimmed_mean
10,0.6421769207577263,0.01937518359028446,0.019950051573924186,0.019202573938420918,0.019942393346197396
1,0.20274531539322121,0.7958308062478202,0.7927162556500016,0.7927162556500016,nan
