k,noisy,prediction,overlap_mean,overlap_median,overlap_trimmed_mean
10,0.6990346904966606,-0.020613442293047374,-0.02166074279048328,-0.02160957891922707,-0.021654940119062587
