k,noisy,prediction,overlap_mean,overlap_median,overlap_trimmed_mean
10,0.7878895637141026,-0.09595290603925188,-0.0986317304278942,-0.09657321438095383,-0.09862654239451779
1,0.35098968442280065,0.6891889887289151,0.690179100291587,0.690179100291587,nan
