k,noisy,prediction,overlap_mean,overlap_median,overlap_trimmed_mean
10,0.8010748111982731,-0.07140323349012952,-0.07401043996883093,-0.07300975516284514,-0.07398630616049907
