k,noisy,prediction,overlap_mean,overlap_median,overlap_trimmed_mean
10,0.7556853336787431,-0.0651334274924734,-0.06768992795268075,-0.06673757102456186,-0.06769837973089846
