k,noisy,prediction,overlap_mean,overlap_median,overlap_trimmed_mean
10,0.7044321702895209,0.008147605837463523,0.008449321679645854,0.008590002771757062,0.008439372757988539
