k,noisy,prediction,overlap_mean,overlap_median,overlap_trimmed_mean
10,0.7285431663009837,-0.014552253131407173,-0.015243966385269226,-0.015851100155798072,-0.015238473181695189
