k,noisy,prediction,overlap_mean,overlap_median,overlap_trimmed_mean
10,0.8641783013327107,-0.1640390368860019,-0.16796882711796615,-0.16401371889038363,-0.16792452112887546
