k,noisy,prediction,overlap_mean,overlap_median,overlap_trimmed_mean
10,0.7575078964713344,-0.04838267715364573,-0.048916740647187845,-0.04736743692059689,-0.0489151959312667
