k,noisy,prediction,overlap_mean,overlap_median,overlap_trimmed_mean
10,0.7525088943210994,-0.07042188520929037,-0.07333460723290738,-0.07278604956784131,-0.0733324834759247
