k,noisy,prediction,overlap_mean,overlap_median,overlap_trimmed_mean
10,0.7099784937463178,-0.017730528149140178,-0.018262870087404102,-0.017992582416598298,-0.018250752506044805
