k,noisy,prediction,overlap_mean,overlap_median,overlap_trimmed_mean
10,0.7712960301428784,-0.05172062001579857,-0.053457820160183016,-0.05255889431348485,-0.05346039740519893
1,0.33106464642966266,0.773135035980407,0.7694055143121031,0.7694055143121031,nan
