k,noisy,prediction,overlap_mean,overlap_median,overlap_trimmed_mean
10,0.8341841006852384,-0.16882712106262884,-0.17293037142007145,-0.17147287896431834,-0.17289452816154283
1,0.3892146243728187,0.6618805408253603,0.6670850668895881,0.6670850668895881,nan
