k,noisy,prediction,overlap_mean,overlap_median,overlap_trimmed_mean
10,0.7241312898736185,-0.08850492929839066,-0.09221642397453364,-0.09130861746913738,-0.09218861647143134
