k,noisy,prediction,overlap_mean,overlap_median,overlap_trimmed_mean
10,0.7025928189915145,-0.030034731803343723,-0.031002663452011078,-0.030862193251215735,-0.03098997080498035
