k,noisy,prediction,overlap_mean,overlap_median,overlap_trimmed_mean
10,0.8128158731013019,-0.10732919971554554,-0.11066731370432761,-0.10967733978015293,-0.11064239951555792
1,0.375146641005474,0.7352429977228986,0.7338097489399679,0.7338097489399679,nan
