k,noisy,prediction,overlap_mean,overlap_median,overlap_trimmed_mean
10,0.788552179827084,-0.0874353203176567,-0.0904100167037876,-0.08884487303971753,-0.09039617969293653
1,0.3221896484333937,0.7177683436197737,0.715570912607026,0.715570912607026,nan
