k,noisy,prediction,overlap_mean,overlap_median,overlap_trimmed_mean
10,0.7359205163541973,-0.07110325118128967,-0.07373282648307022,-0.07250467934979325,-0.07372087877569634
