k,noisy,prediction,overlap_mean,overlap_median,overlap_trimmed_mean
10,0.6774195497362353,-0.041997359544745,-0.04344733466697375,-0.04145933713863844,-0.04342076995897507
