k,noisy,prediction,overlap_mean,overlap_median,overlap_trimmed_mean
10,0.8493694831508298,-0.15448449801904876,-0.15816534938636312,-0.15462437615277227,-0.15815303685304885
