k,noisy,prediction,overlap_mean,overlap_median,overlap_trimmed_mean
10,0.7941649535581097,-0.012832232449754958,-0.013376366315491413,-0.013896819084071688,-0.013366644515068218
