k,noisy,prediction,overlap_mean,overlap_median,overlap_trimmed_mean
10,26.18340151582654,14.21990507040823,14.469093391237433,14.38133932340228,14.466675195719281
