k,noisy,prediction,overlap_mean,overlap_median,overlap_trimmed_mean
10,26.20067942116814,9.474153738161451,9.548484619147718,9.4847290699639,9.549348319103728
