k,noisy,prediction,overlap_mean,overlap_median,overlap_trimmed_mean
10,26.191450662688464,8.473493250467536,8.527533853667132,8.458083920527255,8.526439983196962
