k,noisy,prediction,overlap_mean,overlap_median,overlap_trimmed_mean
10,26.19205182517561,10.358163117761688,10.4235788752759,10.333590100530866,10.42290836815155
