k,noisy,prediction,overlap_mean,overlap_median,overlap_trimmed_mean
10,26.17756456541351,13.130050430727918,13.250408437320234,13.149348692220803,13.250279547770692
