k,noisy,prediction,overlap_mean,overlap_median,overlap_trimmed_mean
10,26.223221056783874,10.891792247322698,10.946330202246884,10.887311537612252,10.945830326351533
