k,noisy,prediction,overlap_mean,overlap_median,overlap_trimmed_mean
10,26.228915883456473,12.543956098672682,12.690501161872028,12.601314176324367,12.688312885991916
