k,noisy,prediction,overlap_mean,overlap_median,overlap_trimmed_mean
10,26.148758394639554,12.823450220643922,12.964520970562878,12.857089362744045,12.963809265235486
