k,noisy,prediction,overlap_mean,overlap_median,overlap_trimmed_mean
10,26.21152409921004,9.860503566781071,9.917365148802455,9.843930026193052,9.91718951720846
