k,noisy,prediction,overlap_mean,overlap_median,overlap_trimmed_mean
10,26.189030280826433,9.956739990794224,10.027737362200444,9.953590323071511,10.027530798386735
