k,noisy,prediction,overlap_mean,overlap_median,overlap_trimmed_mean
10,26.158341649240153,11.797640791126147,11.89459066817793,11.795935885018512,11.893441050416913
