k,noisy,prediction,overlap_mean,overlap_median,overlap_trimmed_mean
10,26.200891969169632,10.400622138730263,10.474272393819838,10.409330910280605,10.473044442300397
