k,noisy,prediction,overlap_mean,overlap_median,overlap_trimmed_mean
10,26.185070952739338,14.24360984804197,14.424882451273016,14.30508910784662,14.423396964341752
