k,noisy,prediction,overlap_mean,overlap_median,overlap_trimmed_mean
10,26.194742921198607,13.852850273559444,14.034499123699057,13.9131750116441,14.034577627351101
