k,noisy,prediction,overlap_mean,overlap_median,overlap_trimmed_mean
10,26.197340369002802,11.314603253741016,11.40718086506128,11.30909654958362,11.406640406451917
