k,noisy,prediction,overlap_mean,overlap_median,overlap_trimmed_mean
10,26.20600711218879,12.617905887849636,12.72829823033665,12.639213586725688,12.728869127406258
