k,noisy,prediction,overlap_mean,overlap_median,overlap_trimmed_mean
10,26.21045601542407,12.897311377196392,13.050348011225456,12.948499613195262,13.049201127211987
