k,noisy,prediction,overlap_mean,overlap_median,overlap_trimmed_mean
10,26.223098985032326,11.69136522732138,11.807911809921784,11.71840732278783,11.807448007374466
