k,noisy,prediction,overlap_mean,overlap_median,overlap_trimmed_mean
10,26.21553069080159,13.263870507518217,13.416170983556341,13.305393523119179,13.414423083435334
