k,noisy,prediction,overlap_mean,overlap_median,overlap_trimmed_mean
10,26.192380474147274,11.789528133786469,11.905035303314587,11.817592367659982,11.904126916407241
