k,noisy,prediction,overlap_mean,overlap_median,overlap_trimmed_mean
10,26.233273460605954,14.347323697335154,14.54670111853046,14.421492603048113,14.545381283681946
