k,noisy,prediction,overlap_mean,overlap_median,overlap_trimmed_mean
10,26.19299599801725,10.01844662342559,10.086815046354937,10.014420539353178,10.085747327458526
