k,noisy,prediction,overlap_mean,overlap_median,overlap_trimmed_mean
10,26.193241166813614,12.7269964537357,12.851063272266593,12.766403705881146,12.851395712115536
