k,noisy,prediction,overlap_mean,overlap_median,overlap_trimmed_mean
10,26.212984517503926,10.552075478192663,10.623105981796812,10.54561302646192,10.621830287206869
