k,noisy,prediction,overlap_mean,overlap_median,overlap_trimmed_mean
10,26.142194267470945,10.223090592685937,10.288156747649648,10.221396046371103,10.28677328346124
