k,noisy,prediction,overlap_mean,overlap_median,overlap_trimmed_mean
10,26.190439436712087,15.274160573179705,15.533971511770305,15.446281197333684,15.531566764362603
