k,noisy,prediction,overlap_mean,overlap_median,overlap_trimmed_mean
10,26.18415648972629,11.74192458217175,11.850973146079184,11.760347472200072,11.850001066984575
