k,noisy,prediction,overlap_mean,overlap_median,overlap_trimmed_mean
10,26.206047846276313,9.083979916135654,9.147988304068246,9.088294858482046,9.146907612236143
