k,noisy,prediction,overlap_mean,overlap_median,overlap_trimmed_mean
10,26.19474171248454,12.898445522224103,13.024390400072246,12.904865047482822,13.024301219076229
