k,noisy,prediction,overlap_mean,overlap_median,overlap_trimmed_mean
10,26.160975765904546,8.39516113007867,8.435226496103626,8.358557420965214,8.433477936785783
