k,noisy,prediction,overlap_mean,overlap_median,overlap_trimmed_mean
10,26.190733091475003,12.180880790855559,12.29084129881685,12.206184892413196,12.290775235079128
