k,noisy,prediction,overlap_mean,overlap_median,overlap_trimmed_mean
10,26.145602487898234,11.346675890727354,11.45541814353265,11.37826117301964,11.454942300825179
