k,noisy,prediction,overlap_mean,overlap_median,overlap_trimmed_mean
10,26.21518162333588,11.277536158867616,11.375349121527753,11.29597736487355,11.373798775093968
