k,noisy,prediction,overlap_mean,overlap_median,overlap_trimmed_mean
10,26.223512044125204,14.672188819671314,14.857541053621832,14.735667230839937,14.856846387764456
