k,noisy,prediction,overlap_mean,overlap_median,overlap_trimmed_mean
10,26.187157951985178,14.543928141356478,14.749136095509973,14.631687601412578,14.747534417865268
