k,noisy,prediction,overlap_mean,overlap_median,overlap_trimmed_mean
10,26.19786607771536,7.2578828235117685,7.292961180799532,7.2325679968431,7.292802207782025
