k,noisy,prediction,overlap_mean,overlap_median,overlap_trimmed_mean
10,26.187142357078365,11.011543300564192,11.120097507156292,11.052860639845976,11.118961790035318
