k,noisy,prediction,overlap_mean,overlap_median,overlap_trimmed_mean
10,26.19196822764053,12.482409044041205,12.605185881496435,12.504140682503284,12.603557725800162
