k,noisy,prediction,overlap_mean,overlap_median,overlap_trimmed_mean
10,26.18699670210692,12.071713113932436,12.17285268718108,12.073066967660075,12.171457652994476
