k,noisy,prediction,overlap_mean,overlap_median,overlap_trimmed_mean
10,26.180180529322246,13.088943998904508,13.229083064664302,13.141333172384256,13.227352744873537
