k,noisy,prediction,overlap_mean,overlap_median,overlap_trimmed_mean
10,26.13284918756864,10.04436237501661,10.123147534295544,10.055835539368045,10.123236938050503
