k,noisy,prediction,overlap_mean,overlap_median,overlap_trimmed_mean
10,26.19372855418288,12.24676093794417,12.347271291085207,12.254041220717312,12.346072299242861
