k,noisy,prediction,overlap_mean,overlap_median,overlap_trimmed_mean
10,26.195436200449066,12.549061255665864,12.685990989245997,12.605819462138204,12.686275119571267
