k,noisy,prediction,overlap_mean,overlap_median,overlap_trimmed_mean
10,26.21746653042516,9.882778574531553,9.974751812455017,9.904779501511698,9.974122789527069
