k,noisy,prediction,overlap_mean,overlap_median,overlap_trimmed_mean
10,26.192099825607393,10.467278569284488,10.540843326388158,10.478117363713615,10.539786339578715
