k,noisy,prediction,overlap_mean,overlap_median,overlap_trimmed_mean
10,26.22723802648627,13.474517487125636,13.62644225625946,13.516891874518546,13.625653425500708
