k,noisy,prediction,overlap_mean,overlap_median,overlap_trimmed_mean
10,26.213192105939523,9.474687988802305,9.546601636814284,9.485933283602439,9.54570803266876
