k,noisy,prediction,overlap_mean,overlap_median,overlap_trimmed_mean
10,26.221388254449778,9.921615013562484,9.99432362866595,9.908061881329798,9.994114160464669
