k,noisy,prediction,overlap_mean,overlap_median,overlap_trimmed_mean
10,26.1746209599518,14.365059675497598,14.564956676297804,14.424060371098042,14.563089241902976
