k,noisy,prediction,overlap_mean,overlap_median,overlap_trimmed_mean
10,26.18963112651084,11.26040636809481,11.354768167584616,11.277906616254647,11.354300125097435
