k,noisy,prediction,overlap_mean,overlap_median,overlap_trimmed_mean
10,26.2031808613374,13.31979676757965,13.459193635614557,13.359791025653042,13.458507535673736
