k,noisy,prediction,overlap_mean,overlap_median,overlap_trimmed_mean
10,26.20147673405444,12.47277481530466,12.610021596748549,12.514070422518952,12.610119699822189
