k,noisy,prediction,overlap_mean,overlap_median,overlap_trimmed_mean
10,26.174763734704648,11.362635056066726,11.472754519514401,11.393837229057109,11.471861847961353
