k,noisy,prediction,overlap_mean,overlap_median,overlap_trimmed_mean
10,26.220539985773648,13.355425428295204,13.494282990331055,13.397636393831442,13.49399936839789
