k,noisy,prediction,overlap_mean,overlap_median,overlap_trimmed_mean
10,26.231401616988204,14.389085183136451,14.59005583830528,14.466583735564917,14.588744846558777
