k,noisy,prediction,overlap_mean,overlap_median,overlap_trimmed_mean
10,26.164769014741186,14.07899462094295,14.274678953051287,14.165690695576467,14.271639205809619
