k,noisy,prediction,overlap_mean,overlap_median,overlap_trimmed_mean
10,26.16919698091774,9.41904177718006,9.488798981081914,9.418647394882088,9.487333336408192
