k,noisy,prediction,overlap_mean,overlap_median,overlap_trimmed_mean
10,26.198620245007564,13.906189707608029,14.068859346621839,13.95726114712804,14.067449105943195
