k,noisy,prediction,overlap_mean,overlap_median,overlap_trimmed_mean
10,26.16452554515535,12.440380876326739,12.565474991161494,12.477285710463464,12.564478227323221
