k,noisy,prediction,overlap_mean,overlap_median,overlap_trimmed_mean
10,26.206272944480386,12.530595578274358,12.636086668043962,12.545010045445595,12.63372844268436
