k,noisy,prediction,overlap_mean,overlap_median,overlap_trimmed_mean
10,26.209990993844126,11.846436735196189,11.935825297004413,11.856069322528288,11.935170790746888
