k,noisy,prediction,overlap_mean,overlap_median,overlap_trimmed_mean
10,26.192514567386645,11.14323355646589,11.23346959849286,11.152701122794987,11.232744174377531
