k,noisy,prediction,overlap_mean,overlap_median,overlap_trimmed_mean
10,26.222902301085092,11.415176454452267,11.513047845333489,11.416643252086352,11.512798951889822
