k,noisy,prediction,overlap_mean,overlap_median,overlap_trimmed_mean
10,26.20104426317622,10.210017249876982,10.282007496271214,10.19677775399504,10.281440385791056
