k,noisy,prediction,overlap_mean,overlap_median,overlap_trimmed_mean
10,26.19365660621022,10.917647072597298,10.985937559119247,10.920096358816503,10.985278071761929
