k,noisy,prediction,overlap_mean,overlap_median,overlap_trimmed_mean
10,26.170320361838254,12.571755183807438,12.714054256506667,12.626382494538316,12.713880943580335
