k,noisy,prediction,overlap_mean,overlap_median,overlap_trimmed_mean
10,26.183218664051296,9.633024429861411,9.696539406727261,9.635302894254744,9.695448788510264
