k,noisy,prediction,overlap_mean,overlap_median,overlap_trimmed_mean
10,26.193784004920143,13.140356546269905,13.287119628416539,13.170084698921361,13.284513374505707
