k,noisy,prediction,overlap_mean,overlap_median,overlap_trimmed_mean
10,26.19915991476887,10.372330064841666,10.430276862282062,10.349736044571218,10.429769678473107
