k,noisy,prediction,overlap_mean,overlap_median,overlap_trimmed_mean
10,26.18952424905135,14.316724803746508,14.521245072390345,14.411813873075577,14.51858691739652
