k,noisy,prediction,overlap_mean,overlap_median,overlap_trimmed_mean
10,26.17668860806599,10.499855121608375,10.575374157352417,10.501121131150462,10.574749701635813
