k,noisy,prediction,overlap_mean,overlap_median,overlap_trimmed_mean
10,26.208023163428592,12.042934541456308,12.147959167721998,12.049161680862044,12.147394536327106
