k,noisy,prediction,overlap_mean,overlap_median,overlap_trimmed_mean
10,26.22456399199459,11.06022113843975,11.145320406003629,11.069846019071756,11.144766648463111
