k,noisy,prediction,overlap_mean,overlap_median,overlap_trimmed_mean
10,26.19512942381883,11.73854573725767,11.85166341058431,11.777218877773239,11.852124322660927
