k,noisy,prediction,overlap_mean,overlap_median,overlap_trimmed_mean
10,26.216921623754423,11.909623408151027,12.017276112548227,11.929325875501053,12.016810731736577
