k,noisy,prediction,overlap_mean,overlap_median,overlap_trimmed_mean
10,26.172391717065754,16.98353368569788,17.371907414988332,17.200862385242186,17.36766093629648
