k,noisy,prediction,overlap_mean,overlap_median,overlap_trimmed_mean
10,26.153183363333344,13.091404157395308,13.23942312643936,13.14111666607451,13.237811470393833
