k,noisy,prediction,overlap_mean,overlap_median,overlap_trimmed_mean
10,26.19214114112648,10.050492771708779,10.121079186875782,10.0522530331967,10.120538658695029
