k,noisy,prediction,overlap_mean,overlap_median,overlap_trimmed_mean
10,26.164932101686706,8.895299397151655,8.948599056338196,8.87977533322278,8.948424866914614
