k,noisy,prediction,overlap_mean,overlap_median,overlap_trimmed_mean
10,26.166100794618686,10.022848600296166,10.093991428360013,10.020125887680205,10.094108465986125
