k,noisy,prediction,overlap_mean,overlap_median,overlap_trimmed_mean
10,26.233120975598155,14.822781522432496,15.06186009332646,14.927941370639896,15.059152473403437
