k,noisy,prediction,overlap_mean,overlap_median,overlap_trimmed_mean
10,26.208394327804537,11.217055902502008,11.298981805557933,11.227942589814816,11.299080625705018
