k,noisy,prediction,overlap_mean,overlap_median,overlap_trimmed_mean
10,26.170158941813305,13.465145622998318,13.630837279452683,13.544115424676795,13.629551647855195
