k,noisy,prediction,overlap_mean,overlap_median,overlap_trimmed_mean
10,26.16493536631161,14.81531313524693,15.061824186528781,14.964584615998625,15.059548487427392
