k,noisy,prediction,overlap_mean,overlap_median,overlap_trimmed_mean
10,26.21025122700685,10.04787108042885,10.102276064143354,10.037654989518277,10.102591058126036
