k,noisy,prediction,overlap_mean,overlap_median,overlap_trimmed_mean
10,26.221789020793395,12.770493468238652,12.906435448374333,12.832833676574895,12.905055834478356
