k,noisy,prediction,overlap_mean,overlap_median,overlap_trimmed_mean
10,26.203186378624675,11.524157967572801,11.612150421730032,11.537272638873933,11.61168177402888
