k,noisy,prediction,overlap_mean,overlap_median,overlap_trimmed_mean
10,26.170924146462376,10.609543027366648,10.668173361486186,10.59351332638208,10.66776035018112
