k,noisy,prediction,overlap_mean,overlap_median,overlap_trimmed_mean
10,26.183067710846792,11.102074736376768,11.187150747563546,11.114086487173157,11.186806757756294
