k,noisy,prediction,overlap_mean,overlap_median,overlap_trimmed_mean
10,26.20313048694928,12.362846236218845,12.481223518289381,12.408934738979502,12.481152265338363
