k,noisy,prediction,overlap_mean,overlap_median,overlap_trimmed_mean
10,26.2393235963815,10.485050647987768,10.573055369608785,10.485182212407116,10.572996492781098
