k,noisy,prediction,overlap_mean,overlap_median,overlap_trimmed_mean
10,26.155537280516832,12.374167207229709,12.471502896727372,12.38369188460698,12.470275052330207
