k,noisy,prediction,overlap_mean,overlap_median,overlap_trimmed_mean
10,26.19287084425553,12.178261409670606,12.271940279511961,12.185968650874631,12.27144659016129
