k,noisy,prediction,overlap_mean,overlap_median,overlap_trimmed_mean
10,26.19677175232248,12.122359790198464,12.226769752740509,12.131192945218835,12.224478819924077
