k,noisy,prediction,overlap_mean,overlap_median,overlap_trimmed_mean
10,26.208425010461333,9.908939496476973,9.968963649003292,9.908972304685705,9.969507277289964
