k,noisy,prediction,overlap_mean,overlap_median,overlap_trimmed_mean
10,26.133761603029132,10.434202251507951,10.500658426975157,10.444372174638923,10.500819749038577
