k,noisy,prediction,overlap_mean,overlap_median,overlap_trimmed_mean
10,26.170266800605244,10.783303439487895,10.881523083379252,10.793881679135943,10.879911096927497
