k,noisy,prediction,overlap_mean,overlap_median,overlap_trimmed_mean
10,26.209205048093217,12.284917496066008,12.392842699736754,12.305166549833453,12.392540602784363
