k,noisy,prediction,overlap_mean,overlap_median,overlap_trimmed_mean
10,26.16033390794733,12.582416910784273,12.713945905582076,12.627932930192589,12.711649189685879
