k,noisy,prediction,overlap_mean,overlap_median,overlap_trimmed_mean
10,26.16621322781421,12.927828165445149,13.063498653953216,12.97586585542653,13.062393366367846
