k,noisy,prediction,overlap_mean,overlap_median,overlap_trimmed_mean
10,26.162319346947793,8.303881463468155,8.355928740061259,8.290566418448366,8.355271849913748
