k,noisy,prediction,overlap_mean,overlap_median,overlap_trimmed_mean
10,0.7860375051741713,-0.1481878282702999,-0.160471959146714,-0.15915050342383372,-0.16040576766669698
