k,noisy,prediction,overlap_mean,overlap_median,overlap_trimmed_mean
10,0.46944035718901495,0.11089442994457041,0.12967249606350628,0.1283653039598009,0.12964272818600925
