k,noisy,prediction,overlap_mean,overlap_median,overlap_trimmed_mean
10,0.8025999657545678,-0.32837828196674074,-0.34603506686629454,-0.3436395807910473,-0.3459148073085551
