k,noisy,prediction,overlap_mean,overlap_median,overlap_trimmed_mean
10,0.4428957450734555,0.09214104895155602,0.10352870199035816,0.10248301297283066,0.10346786082702604
