k,noisy,prediction,overlap_mean,overlap_median,overlap_trimmed_mean
10,0.5050938120983448,0.07312041000349259,0.0822183313623847,0.08155769517114007,0.08215782381945796
