k,noisy,prediction,overlap_mean,overlap_median,overlap_trimmed_mean
10,0.5257922815977316,0.09283443076033177,0.10480198086469719,0.10398641268141401,0.10484098067495232
