k,noisy,prediction,overlap_mean,overlap_median,overlap_trimmed_mean
10,0.40619999584487104,0.09020197667094178,0.10469189560273318,0.10244388985344234,0.10452627365223767
