k,noisy,prediction,overlap_mean,overlap_median,overlap_trimmed_mean
10,0.6201237130500571,-0.07672101090152494,-0.08467256404480702,-0.08364507027213451,-0.08460423516839288
