k,noisy,prediction,overlap_mean,overlap_median,overlap_trimmed_mean
10,0.519772696614435,0.12980159715818115,0.14048255714262428,0.13769165324835728,0.1404659102704779
