k,noisy,prediction,overlap_mean,overlap_median,overlap_trimmed_mean
10,0.5572026397532144,0.10184556038534415,0.11046076752106931,0.10920445176294266,0.11039459496116653
