k,noisy,prediction,overlap_mean,overlap_median,overlap_trimmed_mean
10,0.5260688345016674,0.12769409350821748,0.13895671784898125,0.13779671103336588,0.13882816751109958
