k,noisy,prediction,overlap_mean,overlap_median,overlap_trimmed_mean
10,0.4976929583851479,0.11350393587089379,0.12942658057307305,0.12831095085463579,0.12936754155694535
