k,noisy,prediction,overlap_mean,overlap_median,overlap_trimmed_mean
10,0.7110512667544412,-0.16973552019797808,-0.1854877100556325,-0.18302019767447578,-0.18531195805771575
