k,noisy,prediction,overlap_mean,overlap_median,overlap_trimmed_mean
10,0.5257260031399507,0.12206852356588056,0.13772942363136378,0.13655997361278002,0.13768807351969284
