k,noisy,prediction,overlap_mean,overlap_median,overlap_trimmed_mean
10,0.5354142388413753,0.08044640111762702,0.08872643948062615,0.08788521624971002,0.08878174891663304
