k,noisy,prediction,overlap_mean,overlap_median,overlap_trimmed_mean
10,0.5575868508512287,0.058264934080368765,0.064306808573471,0.06385513349232712,0.0642652914670632
