k,noisy,prediction,overlap_mean,overlap_median,overlap_trimmed_mean
10,0.5879871649642453,0.08609872485568867,0.09160764243012122,0.0910213538623485,0.09154030109947404
