k,noisy,prediction,overlap_mean,overlap_median,overlap_trimmed_mean
10,0.4820456991831289,0.09462214707871305,0.10761257980585369,0.1066996623138002,0.10749922287769013
