k,noisy,prediction,overlap_mean,overlap_median,overlap_trimmed_mean
10,0.5921280550036401,-0.022561171789807488,-0.02420691166904219,-0.023969686932588486,-0.024208989294556494
