k,noisy,prediction,overlap_mean,overlap_median,overlap_trimmed_mean
10,0.6236681325530026,0.21285166996349378,0.2305797729679198,0.2282444452861208,0.23048717002024094
