k,noisy,prediction,overlap_mean,overlap_median,overlap_trimmed_mean
10,0.5316564315980123,-0.0037696970851971365,-0.003271111145593124,-0.0030992435507306683,-0.0032022244751428726
