k,noisy,prediction,overlap_mean,overlap_median,overlap_trimmed_mean
10,0.470982657570952,0.08868380480913747,0.09844588867353679,0.09769197257421693,0.09836803189968911
