k,noisy,prediction,overlap_mean,overlap_median,overlap_trimmed_mean
10,0.5070406540030886,0.14636743915508282,0.15933791261521119,0.15720591977156276,0.15921005418868192
