k,noisy,prediction,overlap_mean,overlap_median,overlap_trimmed_mean
10,0.592550991182137,0.003143715638315108,0.0028787712405323493,0.0031864559132847086,0.0030054219244072806
