k,noisy,prediction,overlap_mean,overlap_median,overlap_trimmed_mean
10,0.5690383827103378,0.028883841979788744,0.032583144705454585,0.03214510525513117,0.032578756754797523
