k,noisy,prediction,overlap_mean,overlap_median,overlap_trimmed_mean
10,0.5853687669374328,0.09157330727156023,0.09508283807863936,0.09461397148648047,0.0950492986247213
