k,noisy,prediction,overlap_mean,overlap_median,overlap_trimmed_mean
10,0.554229507451168,-0.030248178842443706,-0.032793617123367653,-0.0325885402736779,-0.03277147916851525
