k,noisy,prediction,overlap_mean,overlap_median,overlap_trimmed_mean
10,0.5891840149744596,-0.006289523858708075,-0.00983774002698132,-0.009504229498810583,-0.009729711783875213
