k,noisy,prediction,overlap_mean,overlap_median,overlap_trimmed_mean
10,0.6045035591860989,0.020615990170213636,0.021540682272453582,0.021535127075965763,0.021562467470782585
