k,noisy,prediction,overlap_mean,overlap_median,overlap_trimmed_mean
10,0.45692815519325464,0.1384902959356976,0.15581126063266262,0.15441487105456972,0.15570799424939036
