k,noisy,prediction,overlap_mean,overlap_median,overlap_trimmed_mean
10,0.48962998428991356,0.1450674614286741,0.16089454739630418,0.15963577502206744,0.16096485173753697
