k,noisy,prediction,overlap_mean,overlap_median,overlap_trimmed_mean
10,0.6103983026083608,-0.10075584345310937,-0.10790440654516695,-0.10657362828700377,-0.10774149780521348
