k,noisy,prediction,overlap_mean,overlap_median,overlap_trimmed_mean
10,0.6385296088153471,0.03718556114990932,0.035021513561869375,0.034960947444212534,0.03501692708680736
