k,noisy,prediction,overlap_mean,overlap_median,overlap_trimmed_mean
10,0.6147519768304327,0.07643625502463064,0.08096123276062354,0.08052709320239229,0.08084108334499704
