k,noisy,prediction,overlap_mean,overlap_median,overlap_trimmed_mean
10,0.6729801983581958,-0.13619600492661738,-0.1468667027948181,-0.14575176098789164,-0.14678858010699328
