k,noisy,prediction,overlap_mean,overlap_median,overlap_trimmed_mean
10,0.7006499929113763,-0.1274383817264301,-0.1391577821493661,-0.138101479275616,-0.13913651372662209
