k,noisy,prediction,overlap_mean,overlap_median,overlap_trimmed_mean
10,0.5929699309289901,0.11435277505996498,0.12592533577265752,0.1249404283360105,0.12578942147882344
