k,noisy,prediction,overlap_mean,overlap_median,overlap_trimmed_mean
10,0.5312037901834012,0.14188891526395844,0.15726330046078382,0.1540168021038146,0.15713457928219648
