k,noisy,prediction,overlap_mean,overlap_median,overlap_trimmed_mean
10,0.5492174701047344,0.13525154152025792,0.1474575093119675,0.14595493792480238,0.14748961224779544
