k,noisy,prediction,overlap_mean,overlap_median,overlap_trimmed_mean
10,0.6633071074935664,-0.09495393518981002,-0.10370055539852807,-0.10282682383887026,-0.1036446594913817
