k,noisy,prediction,overlap_mean,overlap_median,overlap_trimmed_mean
10,0.8391256534569327,-0.23249587143727002,-0.24589451390291503,-0.2441798673019945,-0.24579104511839459
