k,noisy,prediction,overlap_mean,overlap_median,overlap_trimmed_mean
10,0.5336485133601852,0.13519984052716366,0.14399021266642006,0.1430797322276195,0.14399020464294313
