k,noisy,prediction,overlap_mean,overlap_median,overlap_trimmed_mean
10,0.6460374261199058,0.07275476573608163,0.07799162198281681,0.07767727624896863,0.07800233304505907
