k,noisy,prediction,overlap_mean,overlap_median,overlap_trimmed_mean
10,0.5559730892908409,0.07386026488635379,0.07830846612167949,0.07757457701494365,0.07823259218074399
