k,noisy,prediction,overlap_mean,overlap_median,overlap_trimmed_mean
10,0.5033682527104603,0.11308291775339704,0.12692599849229552,0.12401070295586177,0.12674664684429923
