k,noisy,prediction,overlap_mean,overlap_median,overlap_trimmed_mean
10,0.5354100149475867,0.034891535374251714,0.03769057705638406,0.03749987748562425,0.03765002237969964
