k,noisy,prediction,overlap_mean,overlap_median,overlap_trimmed_mean
10,0.5005934704561292,0.14713734885928528,0.16497980216235777,0.16304176734251552,0.16480814263916732
