k,noisy,prediction,overlap_mean,overlap_median,overlap_trimmed_mean
10,0.5037670901626322,-0.006872644247330744,-0.007941439024081724,-0.00790791695438335,-0.007947042791660738
