k,noisy,prediction,overlap_mean,overlap_median,overlap_trimmed_mean
10,0.6203238339680204,-0.06633358217218308,-0.07198665864722402,-0.07097645269007904,-0.07184507742360706
