k,noisy,prediction,overlap_mean,overlap_median,overlap_trimmed_mean
10,0.3820970365081138,0.05165761758766904,0.058556145008566166,0.051610489470963986,0.058455966040244035
