k,noisy,prediction,overlap_mean,overlap_median,overlap_trimmed_mean
10,0.44893720126060377,0.008761728136713888,0.013921155289872172,0.013401413357493624,0.013859186062939146
