k,noisy,prediction,overlap_mean,overlap_median,overlap_trimmed_mean
10,0.6425044287594154,0.11165524886520406,0.11518909603009207,0.11539038821480724,0.11514528944832678
