k,noisy,prediction,overlap_mean,overlap_median,overlap_trimmed_mean
10,0.6188059422577126,0.12768357418088888,0.13766122430553157,0.13604503468582055,0.13756557041267853
