k,noisy,prediction,overlap_mean,overlap_median,overlap_trimmed_mean
10,0.5730496568613657,0.006054097376066118,0.00699891333971206,0.0065500573557466454,0.006953294357994342
