k,noisy,prediction,overlap_mean,overlap_median,overlap_trimmed_mean
10,0.563725764721634,0.024439148277909356,0.02722063086922222,0.02681101109384138,0.027219483199010068
