k,noisy,prediction,overlap_mean,overlap_median,overlap_trimmed_mean
10,0.48376112899623946,0.0639281449672179,0.07153559610906701,0.07102502224366766,0.07151967429367007
