k,noisy,prediction,overlap_mean,overlap_median,overlap_trimmed_mean
10,0.7228279599349638,-0.0690412696929367,-0.07754336046503554,-0.07664780328086473,-0.077462156194626
