k,noisy,prediction,overlap_mean,overlap_median,overlap_trimmed_mean
10,0.4894794511333196,0.1303901281952343,0.14802195956985592,0.1466356387358404,0.14797868976897818
