k,noisy,prediction,overlap_mean,overlap_median,overlap_trimmed_mean
10,0.5877082899488962,0.12138759645417206,0.1314981252761035,0.13049915926524913,0.13149866796646673
