k,noisy,prediction,overlap_mean,overlap_median,overlap_trimmed_mean
10,0.459606041870809,0.010339378751976155,0.013108952032952507,0.010278026038316224,0.01310053188870317
