k,noisy,prediction,overlap_mean,overlap_median,overlap_trimmed_mean
10,0.5584516330925375,0.08733620995533964,0.09884586061567961,0.09772206154729707,0.09879643670360809
