k,noisy,prediction,overlap_mean,overlap_median,overlap_trimmed_mean
10,0.6044824468249481,-0.043614132936305096,-0.04452875088620459,-0.04420692862805093,-0.04447453017524124
