k,noisy,prediction,overlap_mean,overlap_median,overlap_trimmed_mean
10,0.7538000686440048,-0.1386271749577369,-0.14959742609251833,-0.148604869628265,-0.14948302010431255
