k,noisy,prediction,overlap_mean,overlap_median,overlap_trimmed_mean
10,0.5016740737357785,-0.026343574193330888,-0.028114885627408125,-0.02749178652298319,-0.028101035884377835
