k,noisy,prediction,overlap_mean,overlap_median,overlap_trimmed_mean
10,0.5867937063494549,-0.014332285006234626,-0.016082356228110526,-0.015912017722294683,-0.016063514146014563
