k,noisy,prediction,overlap_mean,overlap_median,overlap_trimmed_mean
10,0.49046208298145827,0.08396357900418071,0.09506370747028313,0.09421785782594697,0.09497049340575345
