k,noisy,prediction,overlap_mean,overlap_median,overlap_trimmed_mean
10,0.670747209318476,-0.16824048688187188,-0.17869032816710392,-0.17737555466925137,-0.17851871822074025
