k,noisy,prediction,overlap_mean,overlap_median,overlap_trimmed_mean
10,0.5833408692007063,0.04328063888602676,0.04669164550760259,0.04637314232428318,0.04664342484622149
