k,noisy,prediction,overlap_mean,overlap_median,overlap_trimmed_mean
10,0.6921549638290933,-0.16585392498619456,-0.17984361754520364,-0.17790960515961113,-0.17975369656677423
