k,noisy,prediction,overlap_mean,overlap_median,overlap_trimmed_mean
10,0.6817263608665007,-0.09938134323205232,-0.10917247580564386,-0.10825492305222792,-0.10897888566223123
