k,noisy,prediction,overlap_mean,overlap_median,overlap_trimmed_mean
10,0.5248061901941165,-0.0021589764073425724,-0.001355308061525713,-0.0014519022885618614,-0.0013439323140351656
