k,noisy,prediction,overlap_mean,overlap_median,overlap_trimmed_mean
10,0.5474513252721699,-0.08572749918368305,-0.08747493349314892,-0.08716525827377389,-0.08751791836326712
