k,noisy,prediction,overlap_mean,overlap_median,overlap_trimmed_mean
10,0.5413768581197416,3.2546071605462204e-05,0.0021832283620760863,0.0022075090654171243,0.0021773874183137723
