k,noisy,prediction,overlap_mean,overlap_median,overlap_trimmed_mean
10,0.6139855195589582,-0.03317509129309697,-0.038323443824416534,-0.03763903623679254,-0.03831568591530131
