k,noisy,prediction,overlap_mean,overlap_median,overlap_trimmed_mean
10,0.45939575358682555,0.109563334624288,0.12036454668358539,0.11815738582965922,0.12015688680894719
