k,noisy,prediction,overlap_mean,overlap_median,overlap_trimmed_mean
10,0.6714394629810835,-0.11327927046539453,-0.12176711918360826,-0.12090480156533978,-0.12170667589322431
