k,noisy,prediction,overlap_mean,overlap_median,overlap_trimmed_mean
10,0.43285237870253246,0.08597600130490078,0.10003651282047583,0.09896219658558662,0.09995513787064486
