k,noisy,prediction,overlap_mean,overlap_median,overlap_trimmed_mean
10,0.550283269362785,0.04402938380865791,0.04738458149819443,0.046433145011668384,0.04727140965949587
