k,noisy,prediction,overlap_mean,overlap_median,overlap_trimmed_mean
10,0.5273306665043761,0.10286051717886745,0.1103408065921462,0.10905633772299202,0.11025453289445082
