k,noisy,prediction,overlap_mean,overlap_median,overlap_trimmed_mean
10,0.5272408178702971,0.05777537409816236,0.06306686655153192,0.06305576847051562,0.063180953440966
