k,noisy,prediction,overlap_mean,overlap_median,overlap_trimmed_mean
10,0.3977107248347433,0.10950757467038724,0.12370111895144241,0.12217087585140193,0.12375243296815128
