k,noisy,prediction,overlap_mean,overlap_median,overlap_trimmed_mean
10,0.4884152913552673,0.10267422672114071,0.11761812529554642,0.11664811894268173,0.11752931559870707
