k,noisy,prediction,overlap_mean,overlap_median,overlap_trimmed_mean
10,0.6749644771148633,-0.11236276904347027,-0.12395361474014656,-0.12289591038759899,-0.12387017452810378
