k,noisy,prediction,overlap_mean,overlap_median,overlap_trimmed_mean
10,0.6427611375316653,-0.11356466685227407,-0.12142116246683075,-0.12065627030738467,-0.12129554839797671
