k,noisy,prediction,overlap_mean,overlap_median,overlap_trimmed_mean
10,0.6761353818399849,0.008133322452510616,0.0042341665026411415,0.004567466398012209,0.004309350620601866
