k,noisy,prediction,overlap_mean,overlap_median,overlap_trimmed_mean
10,0.658563221797146,-0.04675159333725376,-0.05211239708811469,-0.0510689872619544,-0.05200784038016392
