k,noisy,prediction,overlap_mean,overlap_median,overlap_trimmed_mean
10,0.47842307988114224,0.14063949816825655,0.15657330086437313,0.15472280087997867,0.15650263542707155
