k,noisy,prediction,overlap_mean,overlap_median,overlap_trimmed_mean
10,0.6343592411682077,-8.22826912676428e-05,0.002486468925651836,0.002506531592340121,0.002605369087959309
