k,noisy,prediction,overlap_mean,overlap_median,overlap_trimmed_mean
10,0.5177649712867265,0.03240850639424591,0.03443049318597074,0.034305638773458096,0.03440231736086534
