k,noisy,prediction,overlap_mean,overlap_median,overlap_trimmed_mean
10,0.4565406228545471,0.14413389880264718,0.1633936726627593,0.16182959843228756,0.16324737085199967
