k,noisy,prediction,overlap_mean,overlap_median,overlap_trimmed_mean
10,0.6874087032775582,-0.1057735878971601,-0.11642200002412974,-0.11390451695605937,-0.11633697830174206
