k,noisy,prediction,overlap_mean,overlap_median,overlap_trimmed_mean
10,0.5707638458353104,0.05340041083752254,0.060611629405235394,0.060075456531568636,0.060569490703545614
