k,noisy,prediction,overlap_mean,overlap_median,overlap_trimmed_mean
10,0.6752792132730682,-0.07824239959291013,-0.08769337494285138,-0.0867161482899824,-0.08758163727799541
