k,noisy,prediction,overlap_mean,overlap_median,overlap_trimmed_mean
10,0.5065019606391515,0.0653691122320923,0.07226868317856311,0.07151574728964191,0.07227685632761503
