k,noisy,prediction,overlap_mean,overlap_median,overlap_trimmed_mean
10,0.47106644704159867,0.1225303296879644,0.13649072672441184,0.13541120643609433,0.13641791861738742
