k,noisy,prediction,overlap_mean,overlap_median,overlap_trimmed_mean
10,0.5837590133892278,0.0001937942115590886,0.00020339989780544785,0.00021757124710995504,0.0002834111335143966
