k,noisy,prediction,overlap_mean,overlap_median,overlap_trimmed_mean
10,0.6460952107460328,0.02078686861806522,0.019709713878558726,0.019285252677299868,0.019654903264838066
