k,noisy,prediction,overlap_mean,overlap_median,overlap_trimmed_mean
10,0.42677720731979424,0.1326580795319251,0.14684818579894265,0.1454685270815758,0.14687184086279298
