k,noisy,prediction,overlap_mean,overlap_median,overlap_trimmed_mean
10,0.4863722364884585,0.12195218918742756,0.13787356968129566,0.13539798037214396,0.1379335794060079
