k,noisy,prediction,overlap_mean,overlap_median,overlap_trimmed_mean
10,0.7108252149054836,0.10847517882635703,0.11043088115559437,0.11037252540786084,0.11043237638754047
