k,noisy,prediction,overlap_mean,overlap_median,overlap_trimmed_mean
10,0.5521941477835965,0.11952314514842226,0.132765906568671,0.13165078319875362,0.13271565345928354
