k,noisy,prediction,overlap_mean,overlap_median,overlap_trimmed_mean
10,40.168430367546804,-15.857180731653951,-15.856786655870774,-15.861094153759465,-15.856770374282338
