k,noisy,prediction,overlap_mean,overlap_median,overlap_trimmed_mean
10,40.18540719890916,-13.328812158807422,-13.32929463337833,-13.335366185605226,-13.329233298100938
