k,noisy,prediction,overlap_mean,overlap_median,overlap_trimmed_mean
10,40.14972044855863,-13.915727014546535,-13.914510970553899,-13.923440337853744,-13.914520427861492
