k,noisy,prediction,overlap_mean,overlap_median,overlap_trimmed_mean
10,40.202912130845576,-10.43165182508293,-10.43071072699778,-10.437401030825317,-10.430670459998119
