k,noisy,prediction,overlap_mean,overlap_median,overlap_trimmed_mean
10,40.173056692930594,-15.163877566692847,-15.164255866874509,-15.169131578229546,-15.16430312759824
