k,noisy,prediction,overlap_mean,overlap_median,overlap_trimmed_mean
10,40.15958061604262,-12.617449172817835,-12.617451549393593,-12.623178671573639,-12.617532028770126
