k,noisy,prediction,overlap_mean,overlap_median,overlap_trimmed_mean
10,40.13973399466771,-13.301547490278086,-13.30011511690897,-13.306873317141278,-13.300209888188427
