k,noisy,prediction,overlap_mean,overlap_median,overlap_trimmed_mean
10,40.19458171005625,-14.563506286973917,-14.562646183127406,-14.568118208982987,-14.562695225686413
