k,noisy,prediction,overlap_mean,overlap_median,overlap_trimmed_mean
10,40.14037585262492,-18.003980015633516,-18.00430280027256,-18.00898259596387,-18.00436137496493
