k,noisy,prediction,overlap_mean,overlap_median,overlap_trimmed_mean
10,40.21080170370858,-11.189591980635043,-11.188210293314837,-11.196501020119678,-11.18826979676648
