k,noisy,prediction,overlap_mean,overlap_median,overlap_trimmed_mean
10,40.171451911895986,-15.653532774448156,-15.65361692806129,-15.659023387049281,-15.653636691677285
