k,noisy,prediction,overlap_mean,overlap_median,overlap_trimmed_mean
10,40.18985610214445,-12.812428185428466,-12.810949854081704,-12.817783303329067,-12.81097737977297
