k,noisy,prediction,overlap_mean,overlap_median,overlap_trimmed_mean
10,40.169839523432465,-10.080491933550997,-10.07877939855224,-10.087235921083867,-10.07881859306752
