k,noisy,prediction,overlap_mean,overlap_median,overlap_trimmed_mean
10,40.15608869478636,-15.272903134971504,-15.272357591286232,-15.276651910522205,-15.272376974131657
