k,noisy,prediction,overlap_mean,overlap_median,overlap_trimmed_mean
10,40.14433218840708,-17.36547840954809,-17.365594376463292,-17.369562569957377,-17.36558512078735
