k,noisy,prediction,overlap_mean,overlap_median,overlap_trimmed_mean
10,40.208315970176855,-13.28657051816458,-13.285388335324335,-13.292826453120355,-13.285420296937254
