k,noisy,prediction,overlap_mean,overlap_median,overlap_trimmed_mean
10,40.163556576446666,-13.928912565809275,-13.928057962083686,-13.9334014162489,-13.928070002167289
