k,noisy,prediction,overlap_mean,overlap_median,overlap_trimmed_mean
10,40.20078834117015,-16.218236643447817,-16.217446705180098,-16.22263963338735,-16.217420969642404
