k,noisy,prediction,overlap_mean,overlap_median,overlap_trimmed_mean
10,40.15179180378613,-8.59943546112137,-8.598641205106194,-8.615483853728314,-8.598806513925503
