k,noisy,prediction,overlap_mean,overlap_median,overlap_trimmed_mean
10,40.180292055890014,-15.539922086900539,-15.540249041368437,-15.544945756650906,-15.540257062142624
