k,noisy,prediction,overlap_mean,overlap_median,overlap_trimmed_mean
10,40.21267354732633,-11.580411090109134,-11.579288253329542,-11.5893288519219,-11.579319994898656
