k,noisy,prediction,overlap_mean,overlap_median,overlap_trimmed_mean
10,40.15402104667217,-11.270673397913411,-11.268839244534476,-11.278214041116643,-11.268928226592653
