k,noisy,prediction,overlap_mean,overlap_median,overlap_trimmed_mean
10,40.17178056086766,-14.02197834661227,-14.021419741740466,-14.027367359814741,-14.021435084181183
