k,noisy,prediction,overlap_mean,overlap_median,overlap_trimmed_mean
10,40.18087682077482,-13.26745793973197,-13.26603778544484,-13.27215179785286,-13.26601125256714
