k,noisy,prediction,overlap_mean,overlap_median,overlap_trimmed_mean
10,40.15032423318275,-15.224696967463894,-15.225134885442094,-15.229413906774553,-15.225125384899096
