k,noisy,prediction,overlap_mean,overlap_median,overlap_trimmed_mean
10,40.17318409164052,-12.399977234754644,-12.399414510704627,-12.407310534434844,-12.399514680995882
