k,noisy,prediction,overlap_mean,overlap_median,overlap_trimmed_mean
10,40.20118910751378,-12.984383421477684,-12.98333832358834,-12.989581902058017,-12.98334860949911
