k,noisy,prediction,overlap_mean,overlap_median,overlap_trimmed_mean
10,40.162801602546914,-11.033786720500247,-11.031650450014086,-11.040340016836062,-11.031651631770284
