k,noisy,prediction,overlap_mean,overlap_median,overlap_trimmed_mean
10,40.174143007918985,-12.143087890131696,-12.141673770248714,-12.1492489566219,-12.141623342496777
