k,noisy,prediction,overlap_mean,overlap_median,overlap_trimmed_mean
10,40.18782509718171,-15.993968146331433,-15.99382494695064,-15.997367800456573,-15.99376955616188
