k,noisy,prediction,overlap_mean,overlap_median,overlap_trimmed_mean
10,40.1963217104748,-13.893087012991428,-13.892503835332676,-13.898395378255566,-13.892505426882929
