k,noisy,prediction,overlap_mean,overlap_median,overlap_trimmed_mean
10,40.17154122784686,-15.872987237150832,-15.87229574948515,-15.876469529430272,-15.872320682840646
