k,noisy,prediction,overlap_mean,overlap_median,overlap_trimmed_mean
10,40.21252106231853,-11.084474152764685,-11.082491350672342,-11.094195684407566,-11.082600479690466
