k,noisy,prediction,overlap_mean,overlap_median,overlap_trimmed_mean
10,40.17149991232777,-15.450258170580295,-15.450192269518991,-15.454386762985767,-15.450224024141344
