k,noisy,prediction,overlap_mean,overlap_median,overlap_trimmed_mean
10,40.178560001489245,-15.658566634944123,-15.659118144828916,-15.664313220464027,-15.659104760400606
