k,noisy,prediction,overlap_mean,overlap_median,overlap_trimmed_mean
10,40.19994007249402,-12.371818614477455,-12.370888287821977,-12.377501199666,-12.370865374721124
