k,noisy,prediction,overlap_mean,overlap_median,overlap_trimmed_mean
10,40.16892433577173,-11.225701593800181,-11.22367863503037,-11.232772562285424,-11.223770705420431
