k,noisy,prediction,overlap_mean,overlap_median,overlap_trimmed_mean
10,40.15696465213389,-12.671090743390014,-12.670489628203637,-12.677753653910669,-12.670484632664058
