k,noisy,prediction,overlap_mean,overlap_median,overlap_trimmed_mean
10,40.192592192659895,-16.577263732246678,-16.5769304003644,-16.581126065755363,-16.576957949604502
