k,noisy,prediction,overlap_mean,overlap_median,overlap_trimmed_mean
10,40.19686661714553,-16.18282746855621,-16.181846357927704,-16.186890910455386,-16.181846900629402
