k,noisy,prediction,overlap_mean,overlap_median,overlap_trimmed_mean
10,40.1745295105392,-13.977299786513077,-13.976426184533675,-13.980958960324406,-13.976382517320332
