k,noisy,prediction,overlap_mean,overlap_median,overlap_trimmed_mean
10,40.178020331727936,-11.86655108619803,-11.86597325432012,-11.874832053073705,-11.86599853188663
