k,noisy,prediction,overlap_mean,overlap_median,overlap_trimmed_mean
10,40.144335453031985,-10.639129964601292,-10.636876965970153,-10.646037950433701,-10.636912607476969
