k,noisy,prediction,overlap_mean,overlap_median,overlap_trimmed_mean
10,40.17483628716945,-13.196839376460083,-13.195802579995705,-13.201965690828978,-13.195757704335819
