k,noisy,prediction,overlap_mean,overlap_median,overlap_trimmed_mean
10,40.187794414524916,-14.593795271693846,-14.593900889033227,-14.59827728627582,-14.593872028495557
