k,noisy,prediction,overlap_mean,overlap_median,overlap_trimmed_mean
10,40.21872368310188,-15.379042199809572,-15.378112862700862,-15.383520626216038,-15.37809207838411
