k,noisy,prediction,overlap_mean,overlap_median,overlap_trimmed_mean
10,40.14171943366817,-17.813344290458282,-17.812897411787986,-17.816673465190767,-17.81291453850766
