k,noisy,prediction,overlap_mean,overlap_median,overlap_trimmed_mean
10,40.14561331453458,-12.676572041623377,-12.675979222343404,-12.681585487527204,-12.675992173679695
