k,noisy,prediction,overlap_mean,overlap_median,overlap_trimmed_mean
10,40.12159435419132,-15.626276480456415,-15.626017351046041,-15.629825764804263,-15.626069849644523
