k,noisy,prediction,overlap_mean,overlap_median,overlap_trimmed_mean
10,40.190924185930406,-16.049902243249118,-16.050052230536952,-16.054200175436698,-16.05004291228046
