k,noisy,prediction,overlap_mean,overlap_median,overlap_trimmed_mean
10,40.17085074940884,-17.586825535756205,-17.58646540010695,-17.590658048352253,-17.58652017846568
