k,noisy,prediction,overlap_mean,overlap_median,overlap_trimmed_mean
10,40.14966688732562,-15.195098268544163,-15.193491114452343,-15.198682918350286,-15.193540667391384
