k,noisy,prediction,overlap_mean,overlap_median,overlap_trimmed_mean
10,40.17617183904286,-13.661936344272139,-13.662024266933896,-13.66824846315975,-13.662088287435763
