k,noisy,prediction,overlap_mean,overlap_median,overlap_trimmed_mean
10,40.188605134813585,-13.428881813096115,-13.429234314327088,-13.435037856913933,-13.429210830431263
