k,noisy,prediction,overlap_mean,overlap_median,overlap_trimmed_mean
10,40.1923846042243,-15.23796387104361,-15.237897373726641,-15.24217502808426,-15.237937949450895
