k,noisy,prediction,overlap_mean,overlap_median,overlap_trimmed_mean
10,40.16246779756717,-14.688132972231408,-14.687650457866507,-14.692086076343028,-14.687645718944216
