k,noisy,prediction,overlap_mean,overlap_median,overlap_trimmed_mean
10,40.14392563187572,-13.191212908063205,-13.19039098338207,-13.195732573016718,-13.190412431917176
