k,noisy,prediction,overlap_mean,overlap_median,overlap_trimmed_mean
10,40.189391080564505,-13.81863786979067,-13.818820553101252,-13.82355203187119,-13.818820261459486
