k,noisy,prediction,overlap_mean,overlap_median,overlap_trimmed_mean
10,40.20663811320665,-12.166924873554457,-12.166619991586227,-12.172860999488002,-12.166609348960641
