k,noisy,prediction,overlap_mean,overlap_median,overlap_trimmed_mean
10,40.14416910146156,-11.597837260688111,-11.59762966542559,-11.60746428667622,-11.597716925071552
