k,noisy,prediction,overlap_mean,overlap_median,overlap_trimmed_mean
10,40.17674045572318,-14.405757735615627,-14.40544771808874,-14.411156395804454,-14.405456511367788
