k,noisy,prediction,overlap_mean,overlap_median,overlap_trimmed_mean
10,40.182580948057776,-12.290234750159431,-12.289942682557946,-12.296437281697113,-12.289938001113265
