k,noisy,prediction,overlap_mean,overlap_median,overlap_trimmed_mean
10,40.16654244379873,-15.021395112141569,-15.020405515186283,-15.026099562510403,-15.020400373651903
