k,noisy,prediction,overlap_mean,overlap_median,overlap_trimmed_mean
10,40.19493077752196,-12.268497625613398,-12.267371418067345,-12.275431463576727,-12.267428777134858
