k,noisy,prediction,overlap_mean,overlap_median,overlap_trimmed_mean
10,40.14550088133906,-16.178450612018665,-16.178087102649982,-16.18268056109769,-16.178066480832406
