k,noisy,prediction,overlap_mean,overlap_median,overlap_trimmed_mean
10,40.18965131372723,-15.77095142667295,-15.77115981779891,-15.774886581993247,-15.77112553444644
