k,noisy,prediction,overlap_mean,overlap_median,overlap_trimmed_mean
10,40.148597067638114,-16.68894909943845,-16.688273532509086,-16.692986649204503,-16.68832778879191
