k,noisy,prediction,overlap_mean,overlap_median,overlap_trimmed_mean
10,40.18253057366966,-13.29741774886261,-13.296284753934566,-13.301005176555398,-13.296272152557469
