k,noisy,prediction,overlap_mean,overlap_median,overlap_trimmed_mean
10,40.177266164435736,-18.944407956971943,-18.944427720111026,-18.948131334583938,-18.94442429275757
