k,noisy,prediction,overlap_mean,overlap_median,overlap_trimmed_mean
10,40.171368314360905,-13.307840165315339,-13.30727084976421,-13.314024646277328,-13.307301944501068
