k,noisy,prediction,overlap_mean,overlap_median,overlap_trimmed_mean
10,40.185673031200764,-13.100647529481002,-13.101229801483829,-13.107146393777318,-13.101309961900373
