k,noisy,prediction,overlap_mean,overlap_median,overlap_trimmed_mean
10,40.16447103945971,-11.211986614538956,-11.210767903390586,-11.218488521169396,-11.210796249876394
