k,noisy,prediction,overlap_mean,overlap_median,overlap_trimmed_mean
10,40.169031213231214,-14.48124677110246,-14.48064267145355,-14.485423276373695,-14.480655185419213
