k,noisy,prediction,overlap_mean,overlap_median,overlap_trimmed_mean
10,40.128158481359925,-13.094622240908683,-13.094334426271686,-13.10225163922835,-13.09433719861545
