k,noisy,prediction,overlap_mean,overlap_median,overlap_trimmed_mean
10,40.17191465410703,-14.866194125426151,-14.866645699895354,-14.872356179439947,-14.866680407051225
