k,noisy,prediction,overlap_mean,overlap_median,overlap_trimmed_mean
10,40.154163821425016,-14.415829367941717,-14.414104455220286,-14.418739007534471,-14.414128851452286
