k,noisy,prediction,overlap_mean,overlap_median,overlap_trimmed_mean
10,40.202621143504246,-14.934848979810045,-14.935881065439249,-14.93938138902103,-14.93587900702872
