k,noisy,prediction,overlap_mean,overlap_median,overlap_trimmed_mean
10,40.18007950788852,-16.647382084101995,-16.646651354361826,-16.650777229694548,-16.646580388354245
