k,noisy,prediction,overlap_mean,overlap_median,overlap_trimmed_mean
10,40.13493736723721,-13.17666804721637,-13.176885923521912,-13.181806690103151,-13.176918644398343
