k,noisy,prediction,overlap_mean,overlap_median,overlap_trimmed_mean
10,40.187423250148974,-13.62730421903601,-13.627183725105013,-13.633447206807276,-13.627174654868469
