k,noisy,prediction,overlap_mean,overlap_median,overlap_trimmed_mean
10,40.170133178195385,-13.577319729863987,-13.576939856391268,-13.582437255567434,-13.576908500402933
