k,noisy,prediction,overlap_mean,overlap_median,overlap_trimmed_mean
10,40.182586465345054,-14.257109546086246,-14.256992068553293,-14.261701083231275,-14.256981979066568
