k,noisy,prediction,overlap_mean,overlap_median,overlap_trimmed_mean
10,40.20396407871496,-14.823392748168336,-14.823267100860475,-14.82840704664264,-14.823265616254691
