k,noisy,prediction,overlap_mean,overlap_median,overlap_trimmed_mean
10,40.11316168974951,-15.448821298402581,-15.44866645749384,-15.452003406504867,-15.448619714965773
