k,noisy,prediction,overlap_mean,overlap_median,overlap_trimmed_mean
10,40.17312864090326,-13.388698260178497,-13.388714190692594,-13.394012700288867,-13.388724122098814
