k,noisy,prediction,overlap_mean,overlap_median,overlap_trimmed_mean
10,40.13774173596053,-13.965236972243098,-13.9651383531973,-13.971084832759974,-13.965165988465792
