k,noisy,prediction,overlap_mean,overlap_median,overlap_trimmed_mean
10,40.202302387805474,-14.536552811873158,-14.536182156365955,-14.54198402829354,-14.53617588961869
