k,noisy,prediction,overlap_mean,overlap_median,overlap_trimmed_mean
10,40.17227093097591,-13.739656520407738,-13.740142351288878,-13.74640599968961,-13.74016484019496
