k,noisy,prediction,overlap_mean,overlap_median,overlap_trimmed_mean
10,40.125002574618605,-14.322192141233558,-14.320717853026553,-14.324878968580727,-14.320716027652754
