k,noisy,prediction,overlap_mean,overlap_median,overlap_trimmed_mean
10,40.14955902853369,-12.114675950171417,-12.112756920135666,-12.119516113787718,-12.112765444601884
