k,noisy,prediction,overlap_mean,overlap_median,overlap_trimmed_mean
10,40.13258345005372,-12.534718795100147,-12.534188055242383,-12.5407806268303,-12.534265373408495
