k,noisy,prediction,overlap_mean,overlap_median,overlap_trimmed_mean
10,40.11224927428902,-16.382701980412058,-16.382055358360674,-16.38781333569701,-16.38204062875603
