k,noisy,prediction,overlap_mean,overlap_median,overlap_trimmed_mean
10,40.2024990717527,-13.961447216955118,-13.96024561206675,-13.96558791914165,-13.960253158535094
