k,noisy,prediction,overlap_mean,overlap_median,overlap_trimmed_mean
10,40.16261875077167,-16.413044893166674,-16.412640760157544,-16.41593113269768,-16.41267365602395
