k,noisy,prediction,overlap_mean,overlap_median,overlap_trimmed_mean
10,40.1663967888273,-13.56965954651134,-13.569562710838941,-13.575691407554718,-13.569606360318321
