k,noisy,prediction,overlap_mean,overlap_median,overlap_trimmed_mean
10,40.17239608473762,-15.932987357819622,-15.932455966202436,-15.936941905687402,-15.932504076997029
