k,noisy,prediction,overlap_mean,overlap_median,overlap_trimmed_mean
10,40.16655803870555,-10.754747051796194,-10.75405309699615,-10.762384701059347,-10.754011514466642
