k,noisy,prediction,overlap_mean,overlap_median,overlap_trimmed_mean
10,40.180444349896604,-15.68970128504554,-15.689360249704032,-15.694295082683652,-15.689378168577807
