k,noisy,prediction,overlap_mean,overlap_median,overlap_trimmed_mean
10,40.17414179920492,-12.737571734805035,-12.737531928842195,-12.745092247500194,-12.737509785421977
