k,noisy,prediction,overlap_mean,overlap_median,overlap_trimmed_mean
10,40.17264125353399,-12.941558193617126,-12.941195480297235,-12.947289615249357,-12.941168315436627
