k,noisy,prediction,overlap_mean,overlap_median,overlap_trimmed_mean
10,40.18544793299669,-16.965449831064102,-16.964903413700934,-16.969059562386573,-16.964960085847864
