k,noisy,prediction,overlap_mean,overlap_median,overlap_trimmed_mean
10,0.9766473866448085,0.014603407679754068,0.014614205525882305,0.014671745015922345,0.01461348913251548
