k,noisy,prediction,overlap_mean,overlap_median,overlap_trimmed_mean
10,0.9569754892968243,0.007677037858143572,0.007693401115405086,0.00782682275593066,0.007692074663190808
