k,noisy,prediction,overlap_mean,overlap_median,overlap_trimmed_mean
10,0.9421403811308903,0.008258800994083413,0.008274344129004236,0.008277158160180919,0.00827372463828674
