k,noisy,prediction,overlap_mean,overlap_median,overlap_trimmed_mean
10,0.9755133312900192,0.01639756165408722,0.01641521472753605,0.01649404200451291,0.016414719498338965
