k,noisy,prediction,overlap_mean,overlap_median,overlap_trimmed_mean
10,0.9398958197716626,0.007557140935453771,0.007579652483125983,0.007630292911877961,0.007578791842729683
