k,noisy,prediction,overlap_mean,overlap_median,overlap_trimmed_mean
10,0.9463263975606524,0.009500650296297914,0.00951664997872885,0.009579851428129626,0.009516714151405798
