k,noisy,prediction,overlap_mean,overlap_median,overlap_trimmed_mean
10,0.979076470491843,0.015146824472039465,0.01515824563850764,0.015225532283115914,0.015158105943372817
