k,noisy,prediction,overlap_mean,overlap_median,overlap_trimmed_mean
10,0.9530038720395188,0.010252331573624117,0.010269927533789726,0.010311158602174603,0.01026980459490356
