k,noisy,prediction,overlap_mean,overlap_median,overlap_trimmed_mean
10,0.9566078238538522,0.0036248524422722466,0.0036191939318618786,0.003730289869337144,0.003619382089183566
