k,noisy,prediction,overlap_mean,overlap_median,overlap_trimmed_mean
10,0.9667619917603852,0.017401249769013763,0.017426726489430076,0.017471632310376007,0.017427067697611678
