k,noisy,prediction,overlap_mean,overlap_median,overlap_trimmed_mean
10,0.9563868626976001,0.010977611108272091,0.010975742253975004,0.011061638266512866,0.010976047075600114
