k,noisy,prediction,overlap_mean,overlap_median,overlap_trimmed_mean
10,0.9585213457850175,0.012438940035706324,0.012470286334452914,0.012536185739375552,0.01246917952333217
