k,noisy,prediction,overlap_mean,overlap_median,overlap_trimmed_mean
10,0.9641461417871899,0.015446659619299197,0.015456075250893285,0.015492983554973328,0.01545630288833665
