k,noisy,prediction,overlap_mean,overlap_median,overlap_trimmed_mean
10,0.9513597298032176,0.012747630469575461,0.012784467091336042,0.012793245747719126,0.01278407841625356
