k,noisy,prediction,overlap_mean,overlap_median,overlap_trimmed_mean
10,0.9481377457535137,0.009719248989496863,0.009735196069942522,0.009797753450042945,0.009736497705852547
