k,noisy,prediction,overlap_mean,overlap_median,overlap_trimmed_mean
10,0.9683640547571162,0.009680587612225231,0.0096882697519437,0.009768084975616074,0.009688132755919435
