k,noisy,prediction,overlap_mean,overlap_median,overlap_trimmed_mean
10,0.9764721061133638,0.013143978155469657,0.013149706221116433,0.013206510890329282,0.013149400630839973
