k,noisy,prediction,overlap_mean,overlap_median,overlap_trimmed_mean
10,0.9525068869608166,0.011082920495733046,0.011096240698795813,0.011147482040429065,0.011094945630997478
