k,noisy,prediction,overlap_mean,overlap_median,overlap_trimmed_mean
10,0.9613975775869976,0.016828382597978985,0.016863347130167534,0.016916366968870836,0.01686263025514534
