k,noisy,prediction,overlap_mean,overlap_median,overlap_trimmed_mean
10,0.9691591455187669,0.015896900177150387,0.01591253298863795,0.015971319714284286,0.01591315383760216
