k,noisy,prediction,overlap_mean,overlap_median,overlap_trimmed_mean
10,0.9673001258159984,0.007856230533908116,0.00786026622713101,0.00793372704955202,0.007860195782987021
