k,noisy,prediction,overlap_mean,overlap_median,overlap_trimmed_mean
10,0.9568118748645849,0.016668810562357077,0.01671733942425984,0.016795737463079795,0.016717035025619123
