k,noisy,prediction,overlap_mean,overlap_median,overlap_trimmed_mean
10,0.9614283312241034,0.009600144121598795,0.009620155625700292,0.009691932588348573,0.009619622216270178
