k,noisy,prediction,overlap_mean,overlap_median,overlap_trimmed_mean
10,0.9388809904051855,0.011927105982099055,0.011947053236740718,0.011963299008599252,0.011947279819781817
