k,noisy,prediction,overlap_mean,overlap_median,overlap_trimmed_mean
10,0.9759218602905241,0.019517755774558852,0.019525251238689194,0.019556451857837356,0.019525290248388047
