k,noisy,prediction,overlap_mean,overlap_median,overlap_trimmed_mean
10,0.960422205660854,0.012965924887336128,0.012977548064506454,0.012976738235673078,0.012977602807410895
