k,noisy,prediction,overlap_mean,overlap_median,overlap_trimmed_mean
10,0.9907994574347572,0.018455534784044016,0.018464365981634607,0.018541269333778115,0.01846486882113953
