k,noisy,prediction,overlap_mean,overlap_median,overlap_trimmed_mean
10,0.9662013696167412,0.019598524551746224,0.01962213770489522,0.019675796512895798,0.01962178288845496
