k,noisy,prediction,overlap_mean,overlap_median,overlap_trimmed_mean
10,0.9817403032116991,0.012753315523839508,0.012755301617556102,0.012830712116898414,0.012755267614785399
