k,noisy,prediction,overlap_mean,overlap_median,overlap_trimmed_mean
10,0.9599729578107631,0.012909550174554066,0.01292710541667541,0.012979781486506541,0.012926964900994781
