k,noisy,prediction,overlap_mean,overlap_median,overlap_trimmed_mean
10,0.9555800489708067,0.013209503068426344,0.013232614281381274,0.013268471435759576,0.013232039154855045
