k,noisy,prediction,overlap_mean,overlap_median,overlap_trimmed_mean
10,0.9672633000436772,0.012247052306590627,0.012249701501109801,0.012267039966324252,0.012249790721745125
