k,noisy,prediction,overlap_mean,overlap_median,overlap_trimmed_mean
10,0.9524671784210749,0.00935760556368363,0.009367314760479684,0.009427433857585312,0.00936718497783265
