k,noisy,prediction,overlap_mean,overlap_median,overlap_trimmed_mean
10,0.9609748947677726,0.012476187777252878,0.012505250557501539,0.012532187278838904,0.01250521473872929
