k,noisy,prediction,overlap_mean,overlap_median,overlap_trimmed_mean
10,0.9732412032606259,0.012961712814638388,0.012969884519573644,0.013048103189113928,0.012969810960081924
