k,noisy,prediction,overlap_mean,overlap_median,overlap_trimmed_mean
10,0.9802436164645669,0.017359914165434358,0.017373814376610435,0.017450215840593614,0.01737349549097998
