k,noisy,prediction,overlap_mean,overlap_median,overlap_trimmed_mean
10,0.949046430051631,0.016797257178996786,0.016848280920096506,0.01687902846331602,0.01684808983519949
