k,noisy,prediction,overlap_mean,overlap_median,overlap_trimmed_mean
10,0.967432107528872,0.018856907731342423,0.01890434927855615,0.018938680462690132,0.018904581449677958
