k,noisy,prediction,overlap_mean,overlap_median,overlap_trimmed_mean
10,0.9625222931353229,0.016516437230558914,0.01652179820044514,0.016546346530140563,0.016522786997075323
