k,noisy,prediction,overlap_mean,overlap_median,overlap_trimmed_mean
10,0.9426260824006935,0.013104441603744424,0.013137610714500956,0.013185576881780141,0.013136818781895866
