k,noisy,prediction,overlap_mean,overlap_median,overlap_trimmed_mean
10,0.9502384209810365,0.011446665836658421,0.011463831182262942,0.011514561643592153,0.01146410705449809
