k,noisy,prediction,overlap_mean,overlap_median,overlap_trimmed_mean
10,0.9774053370484013,0.01627051866042825,0.016275079255471416,0.01633066538605681,0.016275328244474176
