k,noisy,prediction,overlap_mean,overlap_median,overlap_trimmed_mean
10,0.933578604108503,0.005961901599641254,0.005991294829763237,0.0060284391602671,0.005990500330007195
