k,noisy,prediction,overlap_mean,overlap_median,overlap_trimmed_mean
10,0.9253927036746611,0.0038619859811472967,0.003869457849406051,0.003878981703656273,0.003869997579816722
