k,noisy,prediction,overlap_mean,overlap_median,overlap_trimmed_mean
10,0.9645143833672948,0.014912507238264332,0.014927318321847339,0.014982027734717877,0.014927618648150587
