k,noisy,prediction,overlap_mean,overlap_median,overlap_trimmed_mean
10,0.9711118005393832,0.017460366605510924,0.0174661750865929,0.01747575501087722,0.01746619117903983
