k,noisy,prediction,overlap_mean,overlap_median,overlap_trimmed_mean
10,0.9655297497626586,0.011009930022876209,0.011018431052743007,0.011085505897830208,0.011017936364861486
