k,noisy,prediction,overlap_mean,overlap_median,overlap_trimmed_mean
10,0.9771634505603535,0.013921497826566591,0.013927600887274873,0.014011614386690897,0.013927309805193593
