k,noisy,prediction,overlap_mean,overlap_median,overlap_trimmed_mean
10,0.9473334528718211,0.011316616252590353,0.011347083600072212,0.011399544128681978,0.011348167878746825
