k,noisy,prediction,overlap_mean,overlap_median,overlap_trimmed_mean
10,0.9431223814267035,0.007792258396017747,0.007800657834852144,0.00787652521498204,0.007800746577507105
