k,noisy,prediction,overlap_mean,overlap_median,overlap_trimmed_mean
10,0.9659220790197285,0.01379608633420046,0.013809141320992075,0.013864667378311712,0.013808734835134735
