k,noisy,prediction,overlap_mean,overlap_median,overlap_trimmed_mean
10,0.9625148738781842,0.022786666807424215,0.022816231293448622,0.02285087857772477,0.022816412510612602
