k,noisy,prediction,overlap_mean,overlap_median,overlap_trimmed_mean
10,0.9426192478684126,0.012411987060819666,0.012432311011148521,0.012456580974520922,0.01243251046538361
