k,noisy,prediction,overlap_mean,overlap_median,overlap_trimmed_mean
10,0.9789061447920994,0.012814811753680678,0.012818281394586933,0.012884270529092268,0.012818312222435816
