k,noisy,prediction,overlap_mean,overlap_median,overlap_trimmed_mean
10,0.9700882207445125,0.018596871784292056,0.018619878191954035,0.01866130610976616,0.018619990241021074
