k,noisy,prediction,overlap_mean,overlap_median,overlap_trimmed_mean
10,0.9461112959350167,0.010319621656116924,0.010336650905298136,0.010358713773566928,0.010336250241068327
