k,noisy,prediction,overlap_mean,overlap_median,overlap_trimmed_mean
10,0.9506171064248918,0.01294295116071051,0.012979121342413335,0.013027808517000293,0.012978602847641001
