k,noisy,prediction,overlap_mean,overlap_median,overlap_trimmed_mean
10,0.9517134217668554,0.0144619061006391,0.014492961874662856,0.01452776333829093,0.014493747830241158
