k,noisy,prediction,overlap_mean,overlap_median,overlap_trimmed_mean
10,0.9626372220306428,0.013326381152278204,0.0133494357116174,0.013391246817102001,0.013350061003895977
