k,noisy,prediction,overlap_mean,overlap_median,overlap_trimmed_mean
10,0.9386790170127414,0.013033611574561364,0.013070559627701497,0.013086105850124364,0.013070806181439057
