k,noisy,prediction,overlap_mean,overlap_median,overlap_trimmed_mean
10,0.9352327121762927,0.004364056599612608,0.00436838755164372,0.00435691838028192,0.0043684254277759375
