k,noisy,prediction,overlap_mean,overlap_median,overlap_trimmed_mean
10,0.9728594492876088,0.01495381168426813,0.014965542740168708,0.014988024572138707,0.014965833299725846
