k,noisy,prediction,overlap_mean,overlap_median,overlap_trimmed_mean
10,0.9569420890421222,0.00763731263620222,0.007644516901003802,0.007731905974416356,0.00764329987193606
