k,noisy,prediction,overlap_mean,overlap_median,overlap_trimmed_mean
10,0.9582369287949151,0.009474569045103631,0.009478643618972847,0.009560541034858509,0.009478814937192697
