k,noisy,prediction,overlap_mean,overlap_median,overlap_trimmed_mean
10,0.9674281001211591,0.02168174378007495,0.021713817766203285,0.021768170960442933,0.021713861811413045
