k,noisy,prediction,overlap_mean,overlap_median,overlap_trimmed_mean
10,0.9636835199459831,0.01589798023719742,0.015919369782341243,0.01595161524861422,0.01591886643519202
