k,noisy,prediction,overlap_mean,overlap_median,overlap_trimmed_mean
10,0.9486362806486744,0.010022560900884964,0.010029484971056877,0.010034023022910142,0.010029055770848705
