k,noisy,prediction,overlap_mean,overlap_median,overlap_trimmed_mean
10,0.9518591355436448,0.011300002381980083,0.011321578077237238,0.011364861879149105,0.01132174768946822
