k,noisy,prediction,overlap_mean,overlap_median,overlap_trimmed_mean
10,0.9856064319579626,0.022470329273722438,0.022482075826731552,0.022543253933447163,0.022482278468659113
