k,noisy,prediction,overlap_mean,overlap_median,overlap_trimmed_mean
10,0.9763021171090047,0.016561983215561297,0.016583607929485333,0.016660292196075666,0.016583213962568778
