k,noisy,prediction,overlap_mean,overlap_median,overlap_trimmed_mean
10,0.9544563792644285,0.013136582944477686,0.013157824438836866,0.013198418509098937,0.013158836829491129
