k,noisy,prediction,overlap_mean,overlap_median,overlap_trimmed_mean
10,0.9638677314286556,0.013432059597120323,0.013446750590205862,0.013475432360199425,0.01344669632808368
