k,noisy,prediction,overlap_mean,overlap_median,overlap_trimmed_mean
10,0.9568987710508898,0.018598303817069915,0.01860829319618637,0.018627568422307932,0.018606830532430434
