k,noisy,prediction,overlap_mean,overlap_median,overlap_trimmed_mean
10,0.9633024151872536,0.012368652700018095,0.012376322819862794,0.012465322071107308,0.012376461381455935
