k,noisy,prediction,overlap_mean,overlap_median,overlap_trimmed_mean
10,0.9592220836662445,0.0109996743422938,0.011007620872960682,0.011081765019499657,0.011007042524486059
