k,noisy,prediction,overlap_mean,overlap_median,overlap_trimmed_mean
10,0.9571856201751408,0.01076350810919009,0.010777489835721443,0.010826917927696607,0.010777345330399464
