k,noisy,prediction,overlap_mean,overlap_median,overlap_trimmed_mean
10,0.9647648309614744,0.009446759184134804,0.009461576148546027,0.009551960640679579,0.009462267137478764
