k,noisy,prediction,overlap_mean,overlap_median,overlap_trimmed_mean
10,0.9878066547473974,0.013527981958102854,0.013529445743280032,0.013620553628498238,0.013529087888403965
