k,noisy,prediction,overlap_mean,overlap_median,overlap_trimmed_mean
10,0.9410608915712608,0.011319769373360579,0.011364346006715662,0.01141053314339891,0.01136330939285009
