k,noisy,prediction,overlap_mean,overlap_median,overlap_trimmed_mean
10,0.9713869306811099,0.01720668189633579,0.017225307882067088,0.01726374030958621,0.017225117043529466
