k,noisy,prediction,overlap_mean,overlap_median,overlap_trimmed_mean
10,0.9596727543990483,0.01796335371973793,0.018002895610004323,0.01805545594814431,0.01800310327578795
