k,noisy,prediction,overlap_mean,overlap_median,overlap_trimmed_mean
10,0.9584019245697848,0.013170938838360924,0.013195119853451745,0.01328101157105804,0.0131944169267643
