k,noisy,prediction,overlap_mean,overlap_median,overlap_trimmed_mean
10,0.9720408180513239,0.01644189993581145,0.01645867982854504,0.01651800495960151,0.016457918041208292
