k,noisy,prediction,overlap_mean,overlap_median,overlap_trimmed_mean
10,0.9713222113552917,0.017822644043526962,0.01783899780142317,0.017957105721947596,0.017839131217876406
