k,noisy,prediction,overlap_mean,overlap_median,overlap_trimmed_mean
10,0.9486416023743665,0.009783781298467357,0.009806900135581617,0.009850014060377457,0.00980611166067488
