k,noisy,prediction,overlap_mean,overlap_median,overlap_trimmed_mean
10,0.9495669573588874,0.010829074905753616,0.010850143965183186,0.010910792097619911,0.010850396208554117
