k,noisy,prediction,overlap_mean,overlap_median,overlap_trimmed_mean
10,0.9666348714158487,0.01853920651670945,0.01855673377245757,0.01862461029981703,0.018555847422028666
