k,noisy,prediction,overlap_mean,overlap_median,overlap_trimmed_mean
10,0.9822170231721785,0.016362013812516292,0.016372942621404762,0.01645555967252178,0.016373122314827654
