k,noisy,prediction,overlap_mean,overlap_median,overlap_trimmed_mean
10,0.9762766956239152,0.01168898080386203,0.011686250173728173,0.011727940515355436,0.011686283852601441
