k,noisy,prediction,overlap_mean,overlap_median,overlap_trimmed_mean
10,0.967480586920831,0.010455949597169934,0.01046151251499215,0.010542034444844854,0.010461474195118696
