k,noisy,prediction,overlap_mean,overlap_median,overlap_trimmed_mean
10,0.9664689758805403,0.012481474474685476,0.012488468080310367,0.012577701825961558,0.012488770770408837
