k,noisy,prediction,overlap_mean,overlap_median,overlap_trimmed_mean
10,0.9531536242761617,0.011565408145790304,0.011583327949896983,0.011592763350319618,0.011582903965850475
