k,noisy,prediction,overlap_mean,overlap_median,overlap_trimmed_mean
10,0.9456785683761422,0.006749520652963576,0.006793203847401569,0.00685503343365847,0.006792200435679344
