k,noisy,prediction,overlap_mean,overlap_median,overlap_trimmed_mean
10,0.9631252327868491,0.00964190542330803,0.009643265812224171,0.009735417563533624,0.009643295003748938
