k,noisy,prediction,overlap_mean,overlap_median,overlap_trimmed_mean
10,0.9445890324723906,0.002503075775009966,0.002480252912972636,0.0025542362021385915,0.00248053402196964
