k,noisy,prediction,overlap_mean,overlap_median,overlap_trimmed_mean
10,0.9485585404008157,0.014597911295892064,0.014638112035870796,0.014673978454604388,0.014638460155580981
