k,noisy,prediction,overlap_mean,overlap_median,overlap_trimmed_mean
10,0.96091480688224,0.015802394210200993,0.015843308250079305,0.01589770737485195,0.01584283023726786
