k,noisy,prediction,overlap_mean,overlap_median,overlap_trimmed_mean
10,0.9305294102775471,0.008300878689333638,0.008319910565709127,0.00832963514989258,0.00831935308745671
