k,noisy,prediction,overlap_mean,overlap_median,overlap_trimmed_mean
10,0.9565235391916292,0.011904787366935437,0.011936219090328402,0.011983901082486178,0.011935555915967193
