k,noisy,prediction,overlap_mean,overlap_median,overlap_trimmed_mean
10,0.9510794896634233,0.010315527426635092,0.010356158332340546,0.010384964463749308,0.010355041192972187
