k,noisy,prediction,overlap_mean,overlap_median,overlap_trimmed_mean
10,0.9521768942784207,0.009811739943766266,0.009825169664396591,0.009876654328393391,0.009825014788246818
