k,noisy,prediction,overlap_mean,overlap_median,overlap_trimmed_mean
20,20.15278392294938,16.67012682678401,16.670124697146136,16.670124713584464,16.67012469165008
