k,noisy,prediction,overlap_mean,overlap_median,overlap_trimmed_mean
20,20.16244442889993,18.777215882821384,18.777209604632084,18.777209594395053,18.77720961275861
