k,noisy,prediction,overlap_mean,overlap_median,overlap_trimmed_mean
20,20.151791803786132,19.646597641474635,19.646594111254693,19.64659411849813,19.646594111362244
