k,noisy,prediction,overlap_mean,overlap_median,overlap_trimmed_mean
20,20.15032423318275,17.83648641509695,17.836483092703908,17.836483105292228,17.836483085396107
