k,noisy,prediction,overlap_mean,overlap_median,overlap_trimmed_mean
20,20.173128640903254,20.745859148524257,20.74585168503951,20.745851680184707,20.745851677560665
