k,noisy,prediction,overlap_mean,overlap_median,overlap_trimmed_mean
20,20.139110837944227,23.656639640765633,23.656633480379455,23.65663350266375,23.656633476735994
