k,noisy,prediction,overlap_mean,overlap_median,overlap_trimmed_mean
20,20.11971497687619,16.635974135905194,16.635970622724315,16.635970591941426,16.635970629336303
