k,noisy,prediction,overlap_mean,overlap_median,overlap_trimmed_mean
20,20.16433087712072,19.66997135514321,19.669966441288157,19.669966396314166,19.669966447674827
