k,noisy,prediction,overlap_mean,overlap_median,overlap_trimmed_mean
20,20.169058673536128,21.59813813931205,21.59813179610702,21.598131802606858,21.598131808680954
