k,noisy,prediction,overlap_mean,overlap_median,overlap_trimmed_mean
20,20.138318052382054,17.189472099933536,17.18946820613345,17.189468192711793,17.18946820639314
