k,noisy,prediction,overlap_mean,overlap_median,overlap_trimmed_mean
20,20.172622647826483,21.872233261715074,21.872229415650544,21.872229437220998,21.872229442969328
