k,noisy,prediction,overlap_mean,overlap_median,overlap_trimmed_mean
20,20.222655398817405,19.30002003065773,19.30001228095989,19.30001227089597,19.30001227742452
