k,noisy,prediction,overlap_mean,overlap_median,overlap_trimmed_mean
20,20.131431740772882,19.46406244298014,19.464057374644476,19.46405737887379,19.46405736816207
