k,noisy,prediction,overlap_mean,overlap_median,overlap_trimmed_mean
20,20.19873713408167,21.87048647992201,21.87048173889423,21.87048171575444,21.870481741445865
