k,noisy,prediction,overlap_mean,overlap_median,overlap_trimmed_mean
20,20.155454381074676,19.351049934433643,19.35104425683431,19.351044260419254,19.351044251882584
