k,noisy,prediction,overlap_mean,overlap_median,overlap_trimmed_mean
20,20.15722833069008,18.858039399827376,18.858035475306686,18.858035481952477,18.858035484524578
