k,noisy,prediction,overlap_mean,overlap_median,overlap_trimmed_mean
20,20.188946086775257,23.283302837515507,23.283299028640123,23.283299011551964,23.283299032850337
