k,noisy,prediction,overlap_mean,overlap_median,overlap_trimmed_mean
20,20.17308269114425,23.307948602130853,23.30794295871995,23.307942955805135,23.307942962101492
