k,noisy,prediction,overlap_mean,overlap_median,overlap_trimmed_mean
20,20.153936037687224,19.565748258500108,19.565743941145467,19.565743947771395,19.565743934562832
