k,noisy,prediction,overlap_mean,overlap_median,overlap_trimmed_mean
20,20.172746034840138,23.23761196496156,23.237601305279007,23.237601302833095,23.237601312474897
