k,noisy,prediction,overlap_mean,overlap_median,overlap_trimmed_mean
20,20.18318542000133,23.123518370678873,23.123510102979754,23.12351006669049,23.123510114955934
