k,noisy,prediction,overlap_mean,overlap_median,overlap_trimmed_mean
20,20.187904554579813,18.325942720737945,18.325938470918313,18.325938484339964,18.325938460057955
