k,noisy,prediction,overlap_mean,overlap_median,overlap_trimmed_mean
20,20.200712383337425,18.560019549894555,18.56001389544255,18.56001387019181,18.560013894418045
