k,noisy,prediction,overlap_mean,overlap_median,overlap_trimmed_mean
20,20.16990088510747,20.68315700548976,20.6831504088076,20.68315038638298,20.683150409562828
