k,noisy,prediction,overlap_mean,overlap_median,overlap_trimmed_mean
20,20.164761619500908,21.239627679280755,21.23962261466252,21.239622642596643,21.239622646819583
