k,noisy,prediction,overlap_mean,overlap_median,overlap_trimmed_mean
20,20.163998211046646,19.80094475516278,19.800941052926557,19.800941061846153,19.800941045037792
