k,noisy,prediction,overlap_mean,overlap_median,overlap_trimmed_mean
20,20.189796623452786,21.307634872845934,21.307628903951144,21.307628913248227,21.30762891514509
