k,noisy,prediction,overlap_mean,overlap_median,overlap_trimmed_mean
20,20.14002061120731,23.982803909919696,23.98279928128256,23.98279929318827,23.98279928360457
