k,noisy,prediction,overlap_mean,overlap_median,overlap_trimmed_mean
20,20.179030683566296,21.17846885862769,21.17846385290532,21.178463826488848,21.17846386760618
