k,noisy,prediction,overlap_mean,overlap_median,overlap_trimmed_mean
20,20.16639258386094,18.42225940963402,18.422253684519557,18.42225367652049,18.42225368650575
