k,noisy,prediction,overlap_mean,overlap_median,overlap_trimmed_mean
20,20.14809139678527,23.461523953615313,23.46151580723526,23.461515784591,23.461515808325736
