k,noisy,prediction,overlap_mean,overlap_median,overlap_trimmed_mean
20,20.17113075716452,18.551160576316978,18.551156312622343,18.551156338727182,18.55115631221263
