k,noisy,prediction,overlap_mean,overlap_median,overlap_trimmed_mean
20,20.25438292691659,21.022382388151478,21.022378352083997,21.02237836860773,21.022378356738763
