k,noisy,prediction,overlap_mean,overlap_median,overlap_trimmed_mean
20,20.222724884425677,20.87072831078163,20.8707232349374,20.87072324936523,20.870723237686274
