k,noisy,prediction,overlap_mean,overlap_median,overlap_trimmed_mean
20,20.199149410084075,18.309009639524152,18.309005921798835,18.309005917978787,18.309005905363694
