k,noisy,prediction,overlap_mean,overlap_median,overlap_trimmed_mean
20,20.162467797567167,20.34527197266364,20.34526549325242,20.345265508254688,20.345265490268773
