k,noisy,prediction,overlap_mean,overlap_median,overlap_trimmed_mean
20,20.18546511787838,23.45508895110747,23.45507970756742,23.45507974655185,23.455079705798386
