k,noisy,prediction,overlap_mean,overlap_median,overlap_trimmed_mean
20,20.21080170370858,21.018655200402993,21.018648842585144,21.01864883767441,21.01864881877031
