k,noisy,prediction,overlap_mean,overlap_median,overlap_trimmed_mean
20,20.157203912396234,18.956133356096814,18.956126325495624,18.95612632381887,18.95612633439747
