k,noisy,prediction,overlap_mean,overlap_median,overlap_trimmed_mean
20,20.060356657574097,19.799905423963317,19.79989847129753,19.799898471648085,19.79989846430595
