k,noisy,prediction,overlap_mean,overlap_median,overlap_trimmed_mean
20,20.209484201687697,20.63730971137933,20.637303067222255,20.6373030865754,20.63730307085428
