k,noisy,prediction,overlap_mean,overlap_median,overlap_trimmed_mean
20,20.142734035984763,23.501411796748716,23.501402581207902,23.50140260837343,23.501402561750705
