k,noisy,prediction,overlap_mean,overlap_median,overlap_trimmed_mean
20,20.15894911499439,21.577328834584222,21.577323658623268,21.577323649506766,21.57732366081149
