k,noisy,prediction,overlap_mean,overlap_median,overlap_trimmed_mean
20,20.148414640811243,18.837562720411853,18.837558047528155,18.83755802810623,18.837558046777602
