k,noisy,prediction,overlap_mean,overlap_median,overlap_trimmed_mean
20,20.172551526510855,20.286192395297398,20.28618851987165,20.28618848393174,20.28618852212325
