k,noisy,prediction,overlap_mean,overlap_median,overlap_trimmed_mean
20,20.16229256693617,21.773825562354062,21.77382017278756,21.77382017776476,21.773820157075058
