k,noisy,prediction,overlap_mean,overlap_median,overlap_trimmed_mean
20,20.200910635233868,18.669316581231495,18.669313180500072,18.669313177244923,18.6693131885917
