k,noisy,prediction,overlap_mean,overlap_median,overlap_trimmed_mean
20,20.143685350212074,15.457874562178716,15.457871799518802,15.457871790889048,15.457871800442124
