k,noisy,prediction,overlap_mean,overlap_median,overlap_trimmed_mean
20,20.15050042773141,21.13691272310454,21.13690663943135,21.136906642184435,21.136906645596774
