k,noisy,prediction,overlap_mean,overlap_median,overlap_trimmed_mean
20,20.193258990270145,17.72480792392772,17.7248059395021,17.724805948525496,17.724805932277043
