k,noisy,prediction,overlap_mean,overlap_median,overlap_trimmed_mean
20,20.144578250934355,17.81381865507399,17.813814758847496,17.813814788450944,17.813814747311028
