k,noisy,prediction,overlap_mean,overlap_median,overlap_trimmed_mean
20,20.17470029343253,24.278946124072156,24.278930345408178,24.278930369408908,24.278930330751187
