k,noisy,prediction,overlap_mean,overlap_median,overlap_trimmed_mean
20,20.1530557567828,18.267155540465225,18.267152127908954,18.267152127410693,18.26715212508087
