k,noisy,prediction,overlap_mean,overlap_median,overlap_trimmed_mean
20,20.180292055890007,22.04424682918344,22.044241669437497,22.044241665027073,22.04424166484874
