k,noisy,prediction,overlap_mean,overlap_median,overlap_trimmed_mean
20,20.19226576530471,20.25004685780996,20.250040501316334,20.2500405397878,20.250040505167682
