k,noisy,prediction,overlap_mean,overlap_median,overlap_trimmed_mean
20,20.19101968071332,27.22857304139307,27.228564182246497,27.22856418557965,27.228564201631972
