k,noisy,prediction,overlap_mean,overlap_median,overlap_trimmed_mean
20,20.1387467410486,18.13306778846271,18.13306562348507,18.133065599965533,18.133065644247157
