k,noisy,prediction,overlap_mean,overlap_median,overlap_trimmed_mean
20,20.199332945496522,18.667314157385785,18.66730887188371,18.667308883310184,18.66730885974347
