k,noisy,prediction,overlap_mean,overlap_median,overlap_trimmed_mean
20,20.1882713272321,17.88102141478065,17.881017774489568,17.881017766306208,17.881017782561308
