k,noisy,prediction,overlap_mean,overlap_median,overlap_trimmed_mean
20,20.176828790179226,20.597229035324027,20.597223336643516,20.597223330241206,20.597223329230907
