k,noisy,prediction,overlap_mean,overlap_median,overlap_trimmed_mean
20,20.139801147798075,20.536248490766145,20.536244819099107,20.536244787161316,20.536244824765248
