k,noisy,prediction,overlap_mean,overlap_median,overlap_trimmed_mean
20,20.179004700840714,21.865136728573265,21.865128573157605,21.865128550754903,21.865128588033347
