k,noisy,prediction,overlap_mean,overlap_median,overlap_trimmed_mean
20,20.149720448558632,19.418025986348667,19.418019432247217,19.418019468021868,19.418019438594484
