k,noisy,prediction,overlap_mean,overlap_median,overlap_trimmed_mean
20,20.187794414524912,22.05261053783236,22.052603346753127,22.052603334164296,22.052603348365313
