k,noisy,prediction,overlap_mean,overlap_median,overlap_trimmed_mean
20,20.15646158421631,21.665385330438337,21.665379644652045,21.665379647312566,21.665379634885028
