k,noisy,prediction,overlap_mean,overlap_median,overlap_trimmed_mean
20,20.180053098380753,21.006622471968292,21.006616011963516,21.006616018534167,21.006616006832083
