k,noisy,prediction,overlap_mean,overlap_median,overlap_trimmed_mean
20,20.161962097024926,21.146842820130228,21.14683557200624,21.14683555650197,21.146835594531915
