k,noisy,prediction,overlap_mean,overlap_median,overlap_trimmed_mean
20,20.217071058946413,21.931687339699664,21.931683092597865,21.93168311352984,21.93168308589875
