k,noisy,prediction,overlap_mean,overlap_median,overlap_trimmed_mean
20,20.15306991908996,19.18687416008757,19.18686849746418,19.186868519515542,19.186868488568386
