k,noisy,prediction,overlap_mean,overlap_median,overlap_trimmed_mean
20,20.20103279376814,22.28103804737885,22.28103448257246,22.28103449728337,22.281034492247272
