k,noisy,prediction,overlap_mean,overlap_median,overlap_trimmed_mean
20,20.184528069428843,18.79468966247241,18.794685711013802,18.794685716712436,18.794685713769418
