k,noisy,prediction,overlap_mean,overlap_median,overlap_trimmed_mean
20,20.171932749734147,22.830611418478405,22.830601645116143,22.83060165534502,22.830601636119724
