k,noisy,prediction,overlap_mean,overlap_median,overlap_trimmed_mean
20,20.212171309686198,21.172671671198557,21.172666359844076,21.17266634470191,21.17266635691025
