k,noisy,prediction,overlap_mean,overlap_median,overlap_trimmed_mean
20,20.137586312607777,20.677542770982434,20.677538560164695,20.677538543698898,20.677538551961234
