k,noisy,prediction,overlap_mean,overlap_median,overlap_trimmed_mean
20,20.145437136566386,24.064279007744695,24.064269939190698,24.06426994651694,24.064269940308854
