k,noisy,prediction,overlap_mean,overlap_median,overlap_trimmed_mean
20,20.122753261301952,21.517389788735734,21.517385690901026,21.51738569614175,21.51738569589203
