k,noisy,prediction,overlap_mean,overlap_median,overlap_trimmed_mean
20,20.16190617708537,22.235919526353914,22.235909481286214,22.23590946576197,22.23590947361371
