k,noisy,prediction,overlap_mean,overlap_median,overlap_trimmed_mean
20,20.185943157637467,21.076674780851874,21.07666938752535,21.076669386287943,21.076669396704467
