k,noisy,prediction,overlap_mean,overlap_median,overlap_trimmed_mean
20,20.154358084206226,21.52160614045288,21.521595777282577,21.521595794124586,21.521595776508736
