k,noisy,prediction,overlap_mean,overlap_median,overlap_trimmed_mean
20,20.182492698766875,19.992985784403846,19.99297931350994,19.992979304861638,19.992979321031928
