k,noisy,prediction,overlap_mean,overlap_median,overlap_trimmed_mean
20,20.14797043659458,19.736421567305566,19.736418339724437,19.73641834759452,19.736418344740233
