k,noisy,prediction,overlap_mean,overlap_median,overlap_trimmed_mean
20,20.137741735960528,18.869416161122388,18.869411163080155,18.869411161483196,18.869411164798702
