k,noisy,prediction,overlap_mean,overlap_median,overlap_trimmed_mean
20,20.16146601751921,20.73139114574505,20.731385982830584,20.731386006749645,20.7313859788637
