k,noisy,prediction,overlap_mean,overlap_median,overlap_trimmed_mean
20,20.172442982947956,17.32193982759854,17.32193697653354,17.321936964259827,17.32193698789915
