k,noisy,prediction,overlap_mean,overlap_median,overlap_trimmed_mean
20,20.163126349552456,18.175289991024073,18.17528326573315,18.17528325802636,18.17528326806948
