k,noisy,prediction,overlap_mean,overlap_median,overlap_trimmed_mean
20,20.187759000104442,18.202649216438495,18.202646109530633,18.20264611798427,18.202646108976406
