k,noisy,prediction,overlap_mean,overlap_median,overlap_trimmed_mean
20,20.156524738131655,18.379717447311037,18.379712549920576,18.379712572533215,18.379712552969572
