k,noisy,prediction,overlap_mean,overlap_median,overlap_trimmed_mean
20,20.17316623463879,18.43363864744457,18.433635659280824,18.43363563519588,18.433635654797758
