k,noisy,prediction,overlap_mean,overlap_median,overlap_trimmed_mean
20,20.181560648110597,19.512351452241933,19.512347122615022,19.5123471081017,19.51234714205218
