k,noisy,prediction,overlap_mean,overlap_median,overlap_trimmed_mean
20,20.17880005911637,18.231018247913156,18.231014086846994,18.231014088523274,18.231014110227417
