k,noisy,prediction,overlap_mean,overlap_median,overlap_trimmed_mean
20,20.16920922202402,20.3536000403607,20.353594504094303,20.3535945051232,20.353594505092172
