k,noisy,prediction,overlap_mean,overlap_median,overlap_trimmed_mean
20,20.185044868978995,20.11379582998325,20.113790186060413,20.113790186840784,20.113790168390207
