k,noisy,prediction,overlap_mean,overlap_median,overlap_trimmed_mean
20,20.158119832801326,22.872779798944332,22.87277280622954,22.87277282410072,22.87277280653815
