k,noisy,prediction,overlap_mean,overlap_median,overlap_trimmed_mean
20,20.129204501022308,20.45866809388833,20.45866407162725,20.458664064102887,20.458664077178295
