k,noisy,prediction,overlap_mean,overlap_median,overlap_trimmed_mean
20,20.173741580935026,23.152987636016352,23.15298023078941,23.152980239059243,23.15298023286161
