k,noisy,prediction,overlap_mean,overlap_median,overlap_trimmed_mean
20,20.135405312558706,21.31160592199853,21.311600333668522,21.311600316295017,21.31160033598544
