k,noisy,prediction,overlap_mean,overlap_median,overlap_trimmed_mean
20,20.171641445740175,18.861002428005193,18.86099455569855,18.86099455707361,18.860994538891646
