k,noisy,prediction,overlap_mean,overlap_median,overlap_trimmed_mean
20,20.192553511284615,16.50235239275017,16.502349329155567,16.50234934018244,16.502349334520442
