k,noisy,prediction,overlap_mean,overlap_median,overlap_trimmed_mean
20,20.17739281766668,19.88598911636793,19.88598390589152,19.885983934289367,19.88598390898638
