k,noisy,prediction,overlap_mean,overlap_median,overlap_trimmed_mean
20,20.17900562025767,19.64992678498959,19.64992251946394,19.649922541932586,19.64992250978002
