k,noisy,prediction,overlap_mean,overlap_median,overlap_trimmed_mean
20,0.38898032825552104,0.6406802299286379,0.6406789312856975,0.6406789322414636,0.6406789323105936
