k,noisy,prediction,overlap_mean,overlap_median,overlap_trimmed_mean
20,0.4037354274028068,0.7613275127173783,0.7613264373082667,0.76132643922191,0.7613264352831303
