k,noisy,prediction,overlap_mean,overlap_median,overlap_trimmed_mean
20,0.3320485100421275,0.7489640366254448,0.7489629967622151,0.748962999280703,0.7489629964139772
