k,noisy,prediction,overlap_mean,overlap_median,overlap_trimmed_mean
20,0.21330275916738486,0.7793028751349266,0.7793016806072446,0.7793016793594988,0.7793016826837535
