k,noisy,prediction,overlap_mean,overlap_median,overlap_trimmed_mean
20,0.29629599843371907,0.8089895023364037,0.8089886329188406,0.8089886320330759,0.8089886329193157
