k,noisy,prediction,overlap_mean,overlap_median,overlap_trimmed_mean
20,0.2728382049888858,0.7504116203746166,0.7504106445614905,0.7504106439139868,0.7504106423060208
