k,noisy,prediction,overlap_mean,overlap_median,overlap_trimmed_mean
20,0.33240770898755617,0.6934195028485902,0.6934183352943095,0.6934183362159487,0.6934183341698689
