k,noisy,prediction,overlap_mean,overlap_median,overlap_trimmed_mean
20,0.20426446445369056,0.8319471773593736,0.831946261454641,0.8319462616998653,0.8319462611542554
