k,noisy,prediction,overlap_mean,overlap_median,overlap_trimmed_mean
20,0.2829581639777937,0.7665647876754658,0.766563817905835,0.7665638169749099,0.7665638162036408
