k,noisy,prediction,overlap_mean,overlap_median,overlap_trimmed_mean
20,0.2782253590830658,0.8346608518908971,0.8346600205874838,0.834660022842254,0.8346600215853636
