k,noisy,prediction,overlap_mean,overlap_median,overlap_trimmed_mean
20,0.2998994983347108,0.7159162052459606,0.7159151920050278,0.7159151917677485,0.7159151898005564
