k,noisy,prediction,overlap_mean,overlap_median,overlap_trimmed_mean
20,0.32418969614522347,0.6748161456033307,0.6748150131187702,0.674815015954709,0.6748150103213856
