k,noisy,prediction,overlap_mean,overlap_median,overlap_trimmed_mean
20,0.23419213780352896,0.861805356083655,0.8618046320377546,0.8618046327012531,0.8618046323869044
