k,noisy,prediction,overlap_mean,overlap_median,overlap_trimmed_mean
20,0.35834030888531965,0.8107749968562195,0.8107741323091614,0.8107741319631686,0.8107741316216328
