k,noisy,prediction,overlap_mean,overlap_median,overlap_trimmed_mean
20,0.29860073991574354,0.7028751464752971,0.7028739423402581,0.7028739443423697,0.7028739419870832
