k,noisy,prediction,overlap_mean,overlap_median,overlap_trimmed_mean
20,0.38443986126484,0.6544650914660332,0.6544639019921448,0.6544639014177992,0.654463900361061
