k,noisy,prediction,overlap_mean,overlap_median,overlap_trimmed_mean
20,0.37628695554056696,0.7241459489182096,0.7241449996559443,0.7241449981305598,0.7241449992140087
