k,noisy,prediction,overlap_mean,overlap_median,overlap_trimmed_mean
20,0.255240837369569,0.8436881132982021,0.843687335886927,0.8436873345595688,0.8436873356391964
