k,noisy,prediction,overlap_mean,overlap_median,overlap_trimmed_mean
20,0.30017124549792046,0.8251608204866137,0.8251599946040342,0.8251599932180487,0.8251599951975488
