k,noisy,prediction,overlap_mean,overlap_median,overlap_trimmed_mean
20,0.38432430464865897,0.6188753363072319,0.6188739898839656,0.618873990463776,0.6188739881864416
