k,noisy,prediction,overlap_mean,overlap_median,overlap_trimmed_mean
20,0.27409139002711264,0.8244562221099556,0.8244554168213947,0.8244554187172584,0.8244554185732342
