k,noisy,prediction,overlap_mean,overlap_median,overlap_trimmed_mean
20,0.1700346830411255,0.8420957187142885,0.8420948332478109,0.8420948303917343,0.8420948333983163
