k,noisy,prediction,overlap_mean,overlap_median,overlap_trimmed_mean
20,0.3527546456432559,0.6689656823079301,0.668964509610978,0.6689645110343888,0.6689645081381549
