k,noisy,prediction,overlap_mean,overlap_median,overlap_trimmed_mean
20,0.400558302156024,0.7381754890057819,0.7381746730753459,0.7381746700767011,0.7381746729969052
