k,noisy,prediction,overlap_mean,overlap_median,overlap_trimmed_mean
20,0.24909639115856402,0.7988046866582339,0.7988037679529281,0.7988037661804781,0.7988037669271343
