k,noisy,prediction,overlap_mean,overlap_median,overlap_trimmed_mean
20,0.41605255929158175,0.6078900387775995,0.6078887204439276,0.6078887202078929,0.6078887203658272
