k,noisy,prediction,overlap_mean,overlap_median,overlap_trimmed_mean
20,0.44474430086312217,0.7005759767127875,0.7005749148287143,0.7005749147975014,0.7005749148350778
