k,noisy,prediction,overlap_mean,overlap_median,overlap_trimmed_mean
20,0.35452609191487255,0.6352855653279319,0.6352842994099741,0.635284297909543,0.6352843003697515
