k,noisy,prediction,overlap_mean,overlap_median,overlap_trimmed_mean
20,0.2756493695702373,0.8299537961380505,0.8299529464885802,0.8299529440273108,0.8299529473815082
