k,noisy,prediction,overlap_mean,overlap_median,overlap_trimmed_mean
20,0.3891418902277146,0.6134070270892003,0.6134056107106997,0.6134056132782644,0.613405611299155
