k,noisy,prediction,overlap_mean,overlap_median,overlap_trimmed_mean
20,0.22403686795983532,0.8464765147347266,0.8464756287171952,0.8464756277101692,0.8464756297686387
