k,noisy,prediction,overlap_mean,overlap_median,overlap_trimmed_mean
20,0.4082078301684569,0.6056502901598919,0.6056490229935262,0.6056490214445801,0.6056490224705677
