k,noisy,prediction,overlap_mean,overlap_median,overlap_trimmed_mean
20,0.29302504328275375,0.7162829589863139,0.716281992886448,0.716281991437446,0.7162819925422897
