k,noisy,prediction,overlap_mean,overlap_median,overlap_trimmed_mean
20,0.1620449992407859,0.7551674146075336,0.7551667341469029,0.7551667377586441,0.7551667348356694
