k,noisy,prediction,overlap_mean,overlap_median,overlap_trimmed_mean
20,0.383444024357097,0.591864722054157,0.5918634026823106,0.5918634012878468,0.5918634032234399
