k,noisy,prediction,overlap_mean,overlap_median,overlap_trimmed_mean
20,0.2728140184396845,0.7985651008298229,0.7985641635833484,0.7985641642345765,0.7985641642061103
