k,noisy,prediction,overlap_mean,overlap_median,overlap_trimmed_mean
20,0.41856094164291896,0.613555142595139,0.6135538457309725,0.6135538450603989,0.6135538472005575
