k,noisy,prediction,overlap_mean,overlap_median,overlap_trimmed_mean
20,0.24498843466128586,0.8559866482763735,0.8559859163226753,0.855985916042209,0.8559859174305844
