k,noisy,prediction,overlap_mean,overlap_median,overlap_trimmed_mean
20,0.40344998756709666,0.564409855571826,0.5644084672513605,0.5644084659931001,0.5644084667549704
