k,noisy,prediction,overlap_mean,overlap_median,overlap_trimmed_mean
20,0.20744742067748073,0.8218889057502318,0.8218880292084849,0.8218880317789024,0.8218880267592501
