k,noisy,prediction,overlap_mean,overlap_median,overlap_trimmed_mean
20,0.23098568374068545,0.8561202620279901,0.8561194641916404,0.8561194633423823,0.8561194626697505
