k,noisy,prediction,overlap_mean,overlap_median,overlap_trimmed_mean
20,0.2252330688495784,0.7043992550476128,0.7043982184868876,0.7043982170931069,0.7043982176731076
