k,noisy,prediction,overlap_mean,overlap_median,overlap_trimmed_mean
20,0.31666493695812425,0.7480416451485512,0.7480407208472734,0.7480407230650249,0.7480407178446767
