k,noisy,prediction,overlap_mean,overlap_median,overlap_trimmed_mean
20,0.6111570589843728,0.6020149157816288,0.6020134132900027,0.602013413018632,0.6020134126672203
