k,noisy,prediction,overlap_mean,overlap_median,overlap_trimmed_mean
20,0.4996629609445254,0.6427800859758016,0.6427787104980558,0.6427787083481765,0.6427787118638303
