k,noisy,prediction,overlap_mean,overlap_median,overlap_trimmed_mean
20,0.3292343561663393,0.7707145846948391,0.7707136522842465,0.7707136541111698,0.7707136505000132
