k,noisy,prediction,overlap_mean,overlap_median,overlap_trimmed_mean
20,0.2695483009942652,0.6796067776831572,0.6796056933902095,0.6796056898007047,0.6796056957550631
