k,noisy,prediction,overlap_mean,overlap_median,overlap_trimmed_mean
20,0.3341988201675076,0.7384924671594683,0.7384915284578475,0.7384915266476341,0.7384915318719477
