k,noisy,prediction,overlap_mean,overlap_median,overlap_trimmed_mean
20,0.2148154112722234,0.8500308852096408,0.8500300593512116,0.8500300610437327,0.8500300594473973
