k,noisy,prediction,overlap_mean,overlap_median,overlap_trimmed_mean
20,0.25311398393842605,0.704870527259611,0.7048694468553464,0.704869446447469,0.7048694467241748
