k,noisy,prediction,overlap_mean,overlap_median,overlap_trimmed_mean
20,0.24220294705060688,0.835128007683861,0.835127166539115,0.8351271663273722,0.8351271668118211
