k,noisy,prediction,overlap_mean,overlap_median,overlap_trimmed_mean
20,0.238487047988739,0.7855887355917961,0.785587867922048,0.7855878688753538,0.7855878711573487
