k,noisy,prediction,overlap_mean,overlap_median,overlap_trimmed_mean
20,0.3103007231222554,0.7433490327557377,0.7433480300313373,0.743348029890824,0.7433480299285998
