k,noisy,prediction,overlap_mean,overlap_median,overlap_trimmed_mean
20,0.3646471883173911,0.8631870504698763,0.8631864201282835,0.8631864194214626,0.8631864193328602
