k,noisy,prediction,overlap_mean,overlap_median,overlap_trimmed_mean
20,0.2543138803054145,0.7652094370989891,0.7652084422288603,0.7652084450960214,0.7652084414776024
