k,noisy,prediction,overlap_mean,overlap_median,overlap_trimmed_mean
20,0.21540041851823438,0.8759527395284703,0.8759520104670793,0.875952009039521,0.8759520114488173
