k,noisy,prediction,overlap_mean,overlap_median,overlap_trimmed_mean
20,0.23521058374494,0.8232135429489821,0.8232126306430565,0.8232126257472917,0.8232126300592817
