k,noisy,prediction,overlap_mean,overlap_median,overlap_trimmed_mean
20,0.3437902556197186,0.6948346625629496,0.6948335265680275,0.6948335236966141,0.6948335258951281
