k,noisy,prediction,overlap_mean,overlap_median,overlap_trimmed_mean
20,0.2213120189783864,0.6690032345680346,0.6690021724025433,0.669002174566171,0.6690021733055663
