k,noisy,prediction,overlap_mean,overlap_median,overlap_trimmed_mean
20,0.2338091117027528,0.8493681553814365,0.8493673613779105,0.8493673610579858,0.8493673615456379
