k,noisy,prediction,overlap_mean,overlap_median,overlap_trimmed_mean
20,0.21404102340781986,0.8681761879094377,0.8681754392917328,0.8681754383557024,0.8681754379983793
