k,noisy,prediction,overlap_mean,overlap_median,overlap_trimmed_mean
20,0.32149597420764203,0.6238006763655534,0.6237995336029807,0.6237995344605972,0.6237995349081334
