k,noisy,prediction,overlap_mean,overlap_median,overlap_trimmed_mean
20,0.31495789557558423,0.674296327402975,0.6742953372912489,0.6742953310115861,0.6742953396171847
