k,noisy,prediction,overlap_mean,overlap_median,overlap_trimmed_mean
20,0.24478360707133776,0.8563977853486454,0.8563970395139012,0.8563970382055763,0.8563970406985768
