k,noisy,prediction,overlap_mean,overlap_median,overlap_trimmed_mean
20,0.31627349396843957,0.8144345655802052,0.8144338062118758,0.8144338074412883,0.814433807300105
