k,noisy,prediction,overlap_mean,overlap_median,overlap_trimmed_mean
20,0.38088763364939543,0.7179207375488424,0.7179196795618148,0.7179196810148618,0.717919678904885
