k,noisy,prediction,overlap_mean,overlap_median,overlap_trimmed_mean
20,0.38425917094277023,0.5944369596771716,0.5944356089895902,0.594435610230001,0.5944356114591453
