k,noisy,prediction,overlap_mean,overlap_median,overlap_trimmed_mean
20,0.5566526616748875,0.6107892428956583,0.6107878503197335,0.6107878512916278,0.6107878494690091
