k,noisy,prediction,overlap_mean,overlap_median,overlap_trimmed_mean
20,0.28850100354116115,0.7275554412093452,0.7275544355576057,0.7275544333405758,0.7275544360551898
