k,noisy,prediction,overlap_mean,overlap_median,overlap_trimmed_mean
20,0.32824178423658723,0.8167156264678113,0.8167148627410892,0.81671486059847,0.8167148625289067
