k,noisy,prediction,overlap_mean,overlap_median,overlap_trimmed_mean
20,0.4728876401908241,0.743642696596321,0.7436418218830109,0.7436418182069536,0.743641819019462
