k,noisy,prediction,overlap_mean,overlap_median,overlap_trimmed_mean
20,0.2458677602337259,0.7300705820395132,0.7300696533412028,0.73006965349889,0.7300696523688621
