k,noisy,prediction,overlap_mean,overlap_median,overlap_trimmed_mean
20,0.5560840003673354,0.4754344568390569,0.4754327561623013,0.4754327563097433,0.47543275585432887
