k,noisy,prediction,overlap_mean,overlap_median,overlap_trimmed_mean
20,0.21333980693901938,0.7235997247115302,0.7235986884371531,0.7235986909774565,0.7235986872949826
