k,noisy,prediction,overlap_mean,overlap_median,overlap_trimmed_mean
20,0.3550185908626758,0.7855810199496428,0.7855800642180849,0.7855800624305435,0.7855800636317681
