k,noisy,prediction,overlap_mean,overlap_median,overlap_trimmed_mean
20,0.2841197477167849,0.7775717143020233,0.7775708274655592,0.7775708272276606,0.7775708296148379
