k,noisy,prediction,overlap_mean,overlap_median,overlap_trimmed_mean
20,0.3121483479127734,0.7015886710393099,0.7015875489189962,0.7015875487617529,0.7015875447489497
