k,noisy,prediction,overlap_mean,overlap_median,overlap_trimmed_mean
20,0.4148356650462048,0.5601862980109746,0.5601848549836902,0.5601848549747954,0.5601848554994173
