k,noisy,prediction,overlap_mean,overlap_median,overlap_trimmed_mean
20,0.22387206398361034,0.8278202840903535,0.827819405627886,0.8278194068392202,0.8278194046361707
