k,noisy,prediction,overlap_mean,overlap_median,overlap_trimmed_mean
20,0.45832815356609896,0.6539692681292938,0.6539680286202504,0.6539680298185774,0.6539680281132654
