k,noisy,prediction,overlap_mean,overlap_median,overlap_trimmed_mean
20,0.291750790600759,0.8059245185017447,0.8059237183403773,0.8059237174974414,0.805923717434127
