k,noisy,prediction,overlap_mean,overlap_median,overlap_trimmed_mean
20,0.25889016553550503,0.7519520227050592,0.7519510540358213,0.7519510551971545,0.7519510530354075
