k,noisy,prediction,overlap_mean,overlap_median,overlap_trimmed_mean
20,0.24713614214961893,0.7083750560296702,0.7083740404661016,0.7083740403051058,0.7083740418396104
