k,noisy,prediction,overlap_mean,overlap_median,overlap_trimmed_mean
20,0.22386039173756045,0.8146809460313811,0.8146800862983182,0.8146800820786269,0.8146800863956496
