k,noisy,prediction,overlap_mean,overlap_median,overlap_trimmed_mean
20,0.33888857485264945,0.6149948375797838,0.6149936354074129,0.6149936331774841,0.6149936360999638
