k,noisy,prediction,overlap_mean,overlap_median,overlap_trimmed_mean
20,0.3218861745114474,0.7100338389211605,0.7100329087598398,0.7100329088850238,0.7100329085619056
