k,noisy,prediction,overlap_mean,overlap_median,overlap_trimmed_mean
20,0.2766836366858672,0.8308154946394191,0.830814706294716,0.8308147069252256,0.8308147065767134
