k,noisy,prediction,overlap_mean,overlap_median,overlap_trimmed_mean
20,0.17476746298937232,0.829158713721543,0.8291577777748461,0.8291577752481794,0.8291577759487797
