k,noisy,prediction,overlap_mean,overlap_median,overlap_trimmed_mean
20,0.303134437522902,0.8009835405284762,0.800982756421726,0.800982758687427,0.8009827585214037
