k,noisy,prediction,overlap_mean,overlap_median,overlap_trimmed_mean
20,0.30560601509473706,0.7231400801530452,0.7231390741062352,0.7231390733967686,0.7231390751550021
