k,noisy,prediction,overlap_mean,overlap_median,overlap_trimmed_mean
20,0.24082856768405375,0.8237174864147235,0.8237165600297526,0.8237165570042742,0.8237165611629658
