k,noisy,prediction,overlap_mean,overlap_median,overlap_trimmed_mean
20,0.2693203043463655,0.7419282858612108,0.7419272871861371,0.7419272913870567,0.7419272881570551
