k,noisy,prediction,overlap_mean,overlap_median,overlap_trimmed_mean
20,0.279567006593335,0.8076098853554653,0.8076090226103078,0.8076090272387291,0.8076090214671838
