k,noisy,prediction,overlap_mean,overlap_median,overlap_trimmed_mean
20,0.4123283498839656,0.6237482666228302,0.6237469643702505,0.6237469669698088,0.623746963324138
