k,noisy,prediction,overlap_mean,overlap_median,overlap_trimmed_mean
20,0.3838857470214987,0.6046880672559544,0.604686812662401,0.604686810970043,0.604686813878594
