k,noisy,prediction,overlap_mean,overlap_median,overlap_trimmed_mean
20,0.2936537992501694,0.7722547749193353,0.772253836923354,0.7722538367441805,0.7722538359186919
