k,noisy,prediction,overlap_mean,overlap_median,overlap_trimmed_mean
20,0.22824473996365752,0.8510832174947518,0.8510824809894332,0.8510824823760391,0.8510824797566644
