k,noisy,prediction,overlap_mean,overlap_median,overlap_trimmed_mean
20,0.23720356419782856,0.8420621949976079,0.8420614783507736,0.8420614801789181,0.8420614798028376
