k,noisy,prediction,overlap_mean,overlap_median,overlap_trimmed_mean
20,0.19449403469102444,0.8418020054159995,0.8418011865068098,0.8418011855532626,0.8418011860775648
