k,noisy,prediction,overlap_mean,overlap_median,overlap_trimmed_mean
20,0.27273768031589984,0.8291349173226928,0.8291341467350787,0.8291341473176226,0.8291341453996739
