k,noisy,prediction,overlap_mean,overlap_median,overlap_trimmed_mean
20,0.38940896517075735,0.7860208731252842,0.7860199315611037,0.7860199325307556,0.7860199313503635
