k,noisy,prediction,overlap_mean,overlap_median,overlap_trimmed_mean
10,20.15032423318275,21.42317501773168,21.7828298380309,21.626140311876977,21.772273137925207
