k,noisy,prediction,overlap_mean,overlap_median,overlap_trimmed_mean
10,20.21080170370858,18.977590722802884,19.150259938346114,19.00415564299419,19.149057582072682
