k,noisy,prediction,overlap_mean,overlap_median,overlap_trimmed_mean
10,20.166892822264458,20.19820014874576,20.461404551623392,20.297876031347332,20.45725669350218
