k,noisy,prediction,overlap_mean,overlap_median,overlap_trimmed_mean
10,20.137741735960528,17.202483797797147,17.339860303241647,17.22436813837422,17.33891870907184
