k,noisy,prediction,overlap_mean,overlap_median,overlap_trimmed_mean
10,20.162467797567167,22.75789585676812,23.145243750211225,22.93942304932015,23.14139614049955
