k,noisy,prediction,overlap_mean,overlap_median,overlap_trimmed_mean
10,0.3030744226145002,0.7863656798099826,0.8369145867578415,0.832425963230201,0.8364635865488601
