k,noisy,prediction,overlap_mean,overlap_median,overlap_trimmed_mean
10,0.39634308978732485,0.7461606480409603,0.7865765105906658,0.7811852568072521,0.7853548306730764
