k,noisy,prediction,overlap_mean,overlap_median,overlap_trimmed_mean
10,0.5035504461595288,0.7579396932729174,0.7903128007111424,0.7870015971356538,0.7891510972618151
