k,noisy,prediction,overlap_mean,overlap_median,overlap_trimmed_mean
10,20.21080170370858,1.3649376540999139,1.5050008273609896,1.4202453411537788,1.5050008235155363
