k,noisy,prediction,overlap_mean,overlap_median,overlap_trimmed_mean
10,20.151791803786132,4.255695083017503,4.552902056816583,4.480225996888133,4.5529020601372
