k,noisy,prediction,overlap_mean,overlap_median,overlap_trimmed_mean
10,20.16711809267577,2.713211711176195,2.9096538836293733,2.8289148518777663,2.90965388088411
