k,noisy,prediction,overlap_mean,overlap_median,overlap_trimmed_mean
10,20.162467797567167,3.5693622640588734,3.804924400205629,3.7210550281561265,3.8049243948069824
