k,noisy,prediction,overlap_mean,overlap_median,overlap_trimmed_mean
10,20.180292055890007,3.4368055783589724,3.6608130449267193,3.5776797023783913,3.6608130502567255
