k,noisy,prediction,overlap_mean,overlap_median,overlap_trimmed_mean
10,20.137741735960528,0.17615686780240922,0.2764327816471062,0.20866972453584678,0.2764327821570164
