k,noisy,prediction,overlap_mean,overlap_median,overlap_trimmed_mean
10,20.149720448558632,3.200352324177753,3.4164552509815813,3.3206530017778695,3.416455256066251
