k,noisy,prediction,overlap_mean,overlap_median,overlap_trimmed_mean
10,20.173128640903254,2.31514686942817,2.474068463823396,2.3854977524744427,2.4740684469365433
