k,noisy,prediction,overlap_mean,overlap_median,overlap_trimmed_mean
10,20.15032423318275,2.7508339901496215,2.925912081489087,2.8626673065268236,2.925912070470209
