k,noisy,prediction,overlap_mean,overlap_median,overlap_trimmed_mean
10,20.187794414524912,3.349614769492538,3.570376045413272,3.4835398130084827,3.5703760436105303
