k,noisy,prediction,overlap_mean,overlap_median,overlap_trimmed_mean
10,0.5035504461595288,-0.018281007570812687,-0.01953088595536414,-0.018323470093220728,-0.019530885936009882
