k,noisy,prediction,overlap_mean,overlap_median,overlap_trimmed_mean
10,0.3503845499022525,-0.017929159654856332,-0.0190802353809736,-0.018370898357046472,-0.01908023544046042
