k,noisy,prediction,overlap_mean,overlap_median,overlap_trimmed_mean
10,0.2779327107249908,0.0006930645649404909,0.0005806406369856291,0.0008518351065962359,0.0005806406718412605
