k,noisy,prediction,overlap_mean,overlap_median,overlap_trimmed_mean
10,0.44381839661094724,-0.028359229479316826,-0.030063554687274743,-0.02693510196976209,-0.03006355475116327
