k,noisy,prediction,overlap_mean,overlap_median,overlap_trimmed_mean
10,0.1680823623588159,-0.001252310882486981,-0.001320526658029022,-0.0013805441827521255,-0.0013205266824422323
