k,noisy,prediction,overlap_mean,overlap_median,overlap_trimmed_mean
10,0.3206722177383773,-0.01036321263809003,-0.011073747192869377,-0.01035752914137512,-0.011073747203079576
