k,noisy,prediction,overlap_mean,overlap_median,overlap_trimmed_mean
10,0.30292231302704864,0.0013677062919257301,0.0014458048488862417,0.0016465143141770376,0.0014458047890813033
