k,noisy,prediction,overlap_mean,overlap_median,overlap_trimmed_mean
10,0.24308397829418757,-0.003100657531079111,-0.0033859315153215554,-0.0032626368527798096,-0.0033859315123528338
