k,noisy,prediction,overlap_mean,overlap_median,overlap_trimmed_mean
10,0.21538756891822805,-0.003813000540174894,-0.0041653675197863525,-0.004047140261000412,-0.0041653675193337025
