k,noisy,prediction,overlap_mean,overlap_median,overlap_trimmed_mean
10,0.38088763364939543,-0.02259431894094966,-0.024143668504946845,-0.023396319976587723,-0.02414366844687639
