k,noisy,prediction,overlap_mean,overlap_median,overlap_trimmed_mean
10,20.149720448558632,-15.874717429776801,-15.847490369411775,-15.875126868921063,-15.847490369016153
