k,noisy,prediction,overlap_mean,overlap_median,overlap_trimmed_mean
10,20.16711809267577,-16.31144121023244,-16.286810845658216,-16.309802408845183,-16.28681084085736
