k,noisy,prediction,overlap_mean,overlap_median,overlap_trimmed_mean
10,20.187794414524912,-15.737469953328475,-15.710747925853685,-15.73501063010429,-15.710747929172573
