k,noisy,prediction,overlap_mean,overlap_median,overlap_trimmed_mean
10,20.151791803786132,-14.991606951581753,-14.954179255901373,-14.971822489084147,-14.954179251602097
