k,noisy,prediction,overlap_mean,overlap_median,overlap_trimmed_mean
10,20.162467797567167,-15.56554448538948,-15.536592943571677,-15.559270343761382,-15.536592942053957
