k,noisy,prediction,overlap_mean,overlap_median,overlap_trimmed_mean
10,20.173128640903254,-16.6407593591044,-16.621594400746883,-16.647823466147422,-16.62159437617534
