k,noisy,prediction,overlap_mean,overlap_median,overlap_trimmed_mean
10,20.137741735960528,-18.584132507920245,-18.569920198646535,-18.591671524633696,-18.56992017761445
