k,noisy,prediction,overlap_mean,overlap_median,overlap_trimmed_mean
10,20.21080170370858,-17.479108472668933,-17.459125070917434,-17.48554509377685,-17.459125055291565
