k,noisy,prediction,overlap_mean,overlap_median,overlap_trimmed_mean
10,20.180292055890007,-15.663391590362739,-15.635969784539922,-15.658677623521358,-15.635969787107783
