k,noisy,prediction,overlap_mean,overlap_median,overlap_trimmed_mean
10,20.15032423318275,-16.26624014195913,-16.245677661334685,-16.26327363965643,-16.245677679682306
