k,noisy,prediction,overlap_mean,overlap_median,overlap_trimmed_mean
10,0.5035504461595288,0.004516041069358343,0.004556288389129683,0.004633557921945804,0.004556288383748001
