k,noisy,prediction,overlap_mean,overlap_median,overlap_trimmed_mean
10,0.3206722177383773,0.0021216990153288826,0.0021416162679424584,0.002213731114143385,0.002141616266396313
