k,noisy,prediction,overlap_mean,overlap_median,overlap_trimmed_mean
10,0.1680823623588159,0.0002920633080929985,0.00029599281981024434,0.0003129693025476698,0.00029599281982628067
