k,noisy,prediction,overlap_mean,overlap_median,overlap_trimmed_mean
10,0.44381839661094724,0.0034945287126321454,0.0035271858898677996,0.0036844092820420794,0.0035271858776923072
