k,noisy,prediction,overlap_mean,overlap_median,overlap_trimmed_mean
10,0.24308397829418757,0.0005075978467725239,0.0005124350534145545,0.0005434476715643874,0.000512435050755821
