k,noisy,prediction,overlap_mean,overlap_median,overlap_trimmed_mean
10,0.30292231302704864,0.0016375086432519651,0.0016389831619361152,0.0017169638588270563,0.0016389831528346767
