k,noisy,prediction,overlap_mean,overlap_median,overlap_trimmed_mean
10,0.21538756891822805,0.00039380342450778176,0.00040003156461846723,0.00043471007535402103,0.0004000315656020564
