k,noisy,prediction,overlap_mean,overlap_median,overlap_trimmed_mean
10,0.2779327107249908,0.0009199855759715906,0.0009291728695184119,0.0009739459279820389,0.0009291728678702778
