k,noisy,prediction,overlap_mean,overlap_median,overlap_trimmed_mean
10,0.38088763364939543,0.0036141064656829273,0.0036462459787436918,0.0037173486726237407,0.003646245981071081
