k,noisy,prediction,overlap_mean,overlap_median,overlap_trimmed_mean
10,0.3503845499022525,0.003719656091689668,0.0037682106844431572,0.0039062273144036615,0.003768210698166316
