k,noisy,prediction,overlap_mean,overlap_median,overlap_trimmed_mean
10,inf,18.3752044397782,18.49324281947185,18.403624900701438,18.493242825747345
