k,noisy,prediction,overlap_mean,overlap_median,overlap_trimmed_mean
10,inf,17.60702560129737,17.735433895504958,17.624971409800935,17.73543389832122
