k,noisy,prediction,overlap_mean,overlap_median,overlap_trimmed_mean
10,inf,17.60813036700971,17.763285501387323,17.63253466042503,17.76328550338693
