k,noisy,prediction,overlap_mean,overlap_median,overlap_trimmed_mean
10,inf,16.84216105995356,17.06117978918516,16.869007670772714,17.06117978609222
