k,noisy,prediction,overlap_mean,overlap_median,overlap_trimmed_mean
10,1.0,0.29927079089951475,0.3055327129350683,0.2998971410505199,0.30553271468733356
