k,noisy,prediction,overlap_mean,overlap_median,overlap_trimmed_mean
10,1.0,0.16395253959064338,0.16675693278177164,0.16226727307943006,0.16675693480061793
