k,noisy,prediction,overlap_mean,overlap_median,overlap_trimmed_mean
10,1.0,0.267944286354194,0.31974513423285905,0.2807213273374423,0.31974513320921305
