k,noisy,prediction,overlap_mean,overlap_median,overlap_trimmed_mean
10,1.0,0.24372253894811735,0.2640115933165663,0.24762858048913078,0.2640115942323882
