k,noisy,prediction,overlap_mean,overlap_median,overlap_trimmed_mean
1,20.164761619500908,23.236895488495293,23.22921585002287,23.22921585002287,nan
1,20.164761619500908,23.236895488495293,23.22921585002287,23.22921585002287,nan
2,20.138318052382054,23.200075445992525,23.397226716346474,22.482797081498994,nan
