k,noisy,prediction,overlap_mean,overlap_median,overlap_trimmed_mean
1,20.199332945496522,26.572363767619454,26.66712800773674,26.66712800773674,nan
1,20.199332945496522,26.572363767619454,26.66712800773674,26.66712800773674,nan
2,20.137741735960528,26.760596496462913,27.22984638138913,26.0829089094716,nan
