k,noisy,prediction,overlap_mean,overlap_median,overlap_trimmed_mean
1,20.19101968071332,17.186114619445558,17.23260749330706,17.23260749330706,nan
1,20.19101968071332,17.186114619445558,17.23260749330706,17.23260749330706,nan
2,20.17900562025767,17.23329539210977,17.29292951961815,16.754830122465634,nan
