k,noisy,prediction,overlap_mean,overlap_median,overlap_trimmed_mean
1,20.158119832801326,22.66867103053208,22.63092222743414,22.63092222743414,nan
1,20.158119832801326,22.66867103053208,22.63092222743414,22.63092222743414,nan
2,20.176828790179226,22.770151759117017,22.958909538683518,22.042136279657374,nan
