k,noisy,prediction,overlap_mean,overlap_median,overlap_trimmed_mean
1,20.14809139678527,21.4809837123735,21.477184013985102,21.477184013985102,nan
1,20.14809139678527,21.4809837123735,21.477184013985102,21.477184013985102,nan
2,20.21080170370858,21.387446497206874,21.668003052481644,21.00981057061191,nan
