k,noisy,prediction,overlap_mean,overlap_median,overlap_trimmed_mean
1,20.173128640903254,20.62985534862895,20.67041701960601,20.67041701960601,nan
1,20.173128640903254,20.62985534862895,20.67041701960601,20.67041701960601,nan
2,20.173128640903254,20.62985534862895,20.779607821584257,19.953682608054862,nan
