k,noisy,prediction,overlap_mean,overlap_median,overlap_trimmed_mean
1,0.44379716406568687,0.7252807785690294,0.722905780904111,0.722905780904111,nan
1,0.44379716406568687,0.7252807785690294,0.722905780904111,0.722905780904111,nan
2,0.4460093986298137,0.719542813930111,0.7399213550473814,0.7203193405555008,nan
