k,noisy,prediction,overlap_mean,overlap_median,overlap_trimmed_mean
1,0.3027288720431339,0.7834247240864113,0.7815744703893326,0.7815744703893326,nan
1,0.3027288720431339,0.7834247240864113,0.7815744703893326,0.7815744703893326,nan
2,0.3023288106203763,0.7816285254318187,0.8088646426134927,0.7947852392136485,nan
