k,noisy,prediction,overlap_mean,overlap_median,overlap_trimmed_mean
1,0.24351736521320744,0.814987355569003,0.8116938967321377,0.8116938967321377,nan
1,0.24351736521320744,0.814987355569003,0.8116938967321377,0.8116938967321377,nan
2,0.24470572053173623,0.821307537031938,0.8477975241582846,0.8287641994136684,nan
