k,noisy,prediction,overlap_mean,overlap_median,overlap_trimmed_mean
1,0.38088763364939543,0.7245326963883653,0.725072050044822,0.725072050044822,nan
1,0.38088763364939543,0.7245326963883653,0.725072050044822,0.725072050044822,nan
2,0.38088763364939543,0.7245326963883653,0.7446587289828045,0.733658996015811,nan
