k,noisy,prediction,overlap_mean,overlap_median,overlap_trimmed_mean
1,0.3202597122003351,0.7751048805227929,0.7744722516203797,0.7744722516203797,nan
1,0.3202597122003351,0.7751048805227929,0.7744722516203797,0.7744722516203797,nan
2,0.321032554604413,0.7755972378186288,0.8006855409944447,0.7850983936010355,nan
