k,noisy,prediction,overlap_mean,overlap_median,overlap_trimmed_mean
1,0.505577945842197,0.7513321374559921,0.7557810452503003,0.7557810452503003,nan
1,0.505577945842197,0.7513321374559921,0.7557810452503003,0.7557810452503003,nan
2,0.5063439466008054,0.7570509661058462,0.771430710618312,0.7631614545850953,nan
