k,noisy,prediction,overlap_mean,overlap_median,overlap_trimmed_mean
1,0.27686852542678714,0.8084140070762142,0.80732332650781,0.80732332650781,nan
1,0.27686852542678714,0.8084140070762142,0.80732332650781,0.80732332650781,nan
2,0.2764357106090208,0.8052430543378128,0.8314575966803741,0.8153424805642059,nan
