k,noisy,prediction,overlap_mean,overlap_median,overlap_trimmed_mean
1,0.168429793377577,0.8066928309459439,0.8095132508874504,0.8095132508874504,nan
1,0.168429793377577,0.8066928309459439,0.8095132508874504,0.8095132508874504,nan
2,0.16667613228969957,0.8078288704730643,0.8400916175629688,0.8193582653031731,nan
