k,noisy,prediction,overlap_mean,overlap_median,overlap_trimmed_mean
1,0.2113636179979548,0.8192152927158202,0.8182179884528512,0.8182179884528512,nan
1,0.2113636179979548,0.8192152927158202,0.8182179884528512,0.8182179884528512,nan
2,0.21567775621269797,0.8207999045633277,0.8538311223703353,0.8383898631086226,nan
