k,noisy,prediction,overlap_mean,overlap_median,overlap_trimmed_mean
10,34.1233257185961,-1.4828096606261219,-1.4742673430699837,-1.4942250254714404,-1.4744077942759772
