k,noisy,prediction,overlap_mean,overlap_median,overlap_trimmed_mean
10,34.17032427265079,-4.292010536664289,-4.289825835713911,-4.305727801008771,-4.289831099047486
