k,noisy,prediction,overlap_mean,overlap_median,overlap_trimmed_mean
10,34.16484801971706,-5.145841367290791,-5.14113763715992,-5.155510770033325,-5.141374711796232
