k,noisy,prediction,overlap_mean,overlap_median,overlap_trimmed_mean
10,34.14595812542593,0.9162913248498006,0.9296387693200259,0.8999941142692798,0.9296247800321298
