k,noisy,prediction,overlap_mean,overlap_median,overlap_trimmed_mean
10,34.161930660390034,-1.595091154535373,-1.58641206050316,-1.6036384456213368,-1.586376517667546
