k,noisy,prediction,overlap_mean,overlap_median,overlap_trimmed_mean
10,34.13548878150674,-3.5660212581065096,-3.560957221584297,-3.577185580961688,-3.5610512687023332
