k,noisy,prediction,overlap_mean,overlap_median,overlap_trimmed_mean
10,34.091649361009395,-4.302187405446093,-4.29634369077773,-4.313726362624923,-4.296346488356092
