k,noisy,prediction,overlap_mean,overlap_median,overlap_trimmed_mean
10,34.142018837492046,-4.606166508480752,-4.602129944069182,-4.614903738956066,-4.6022787449509845
