k,noisy,prediction,overlap_mean,overlap_median,overlap_trimmed_mean
10,34.15969214261039,-3.7738128497802887,-3.7698737153564377,-3.786362123700618,-3.7699940610548217
1,20.164761619500908,18.669716174143907,18.713545231155805,18.713545231155805,nan
