k,noisy,prediction,overlap_mean,overlap_median,overlap_trimmed_mean
10,34.12895911525406,-0.40672819359227147,-0.395325879717549,-0.41784419282596263,-0.39543788032437377
