k,noisy,prediction,overlap_mean,overlap_median,overlap_trimmed_mean
10,34.17398179677663,-2.7969597862824687,-2.789692314253913,-2.8090331427545006,-2.7899352624650833
