k,noisy,prediction,overlap_mean,overlap_median,overlap_trimmed_mean
10,34.13119189050651,3.487681854426354,3.514773983136763,3.461841888330475,3.5141272625012157
