k,noisy,prediction,overlap_mean,overlap_median,overlap_trimmed_mean
10,34.15252872762363,-1.7147202181256385,-1.7099807794310826,-1.730140478132294,-1.7100702273496475
1,20.173128640903254,20.62985534862895,20.67041701960601,20.67041701960601,nan
