k,noisy,prediction,overlap_mean,overlap_median,overlap_trimmed_mean
10,34.15252872762363,-1.7147202181256385,-1.7099807794310826,-1.730140478132294,-1.7100702273496475
