k,noisy,prediction,overlap_mean,overlap_median,overlap_trimmed_mean
10,34.143871126180095,0.4549389127475143,0.4678840616889589,0.4392791887392298,0.4676911711948045
