k,noisy,prediction,overlap_mean,overlap_median,overlap_trimmed_mean
10,34.16925618886482,-1.0513644606391193,-1.039213744108438,-1.063408340409807,-1.0393463063836719
