k,noisy,prediction,overlap_mean,overlap_median,overlap_trimmed_mean
10,34.15557192576323,-1.907774791059048,-1.9029036198130553,-1.9255986103415055,-1.9032484631200672
