k,noisy,prediction,overlap_mean,overlap_median,overlap_trimmed_mean
10,34.16198655206543,-2.539459393795634,-2.534835694837341,-2.5521214864804116,-2.5348273819979634
