k,noisy,prediction,overlap_mean,overlap_median,overlap_trimmed_mean
10,34.18058919423415,-1.2994419394653791,-1.2901689349769918,-1.3118474670633407,-1.290303134685259
