k,noisy,prediction,overlap_mean,overlap_median,overlap_trimmed_mean
10,34.14923961015284,1.64132194975506,1.6598450801694113,1.62970953617971,1.6596050371938784
