k,noisy,prediction,overlap_mean,overlap_median,overlap_trimmed_mean
10,34.10440266133899,-2.6206308877672195,-2.610911753354712,-2.6270544356170906,-2.6109425811387195
