k,noisy,prediction,overlap_mean,overlap_median,overlap_trimmed_mean
10,34.12373553975237,0.9925392637204149,1.0119116493434808,0.9805786389853205,1.0117069872106945
