k,noisy,prediction,overlap_mean,overlap_median,overlap_trimmed_mean
10,34.19207363404671,0.3921553967742005,0.4051207676962193,0.3713441542228998,0.40497048281927595
