k,noisy,prediction,overlap_mean,overlap_median,overlap_trimmed_mean
10,34.16480728562954,-1.4441324936667619,-1.4400401707657642,-1.4607988846218238,-1.439807426854255
