k,noisy,prediction,overlap_mean,overlap_median,overlap_trimmed_mean
10,34.15089999904814,-3.681826396397911,-3.678185586188346,-3.6932353632931214,-3.678306628224996
