k,noisy,prediction,overlap_mean,overlap_median,overlap_trimmed_mean
10,34.1335639081454,-2.6957587026530887,-2.686029816525321,-2.7034589669743236,-2.6861588582773885
