k,noisy,prediction,overlap_mean,overlap_median,overlap_trimmed_mean
10,34.17433086424234,-0.5673121064187927,-0.5571654772538094,-0.5851010880750307,-0.5574758321802674
