k,noisy,prediction,overlap_mean,overlap_median,overlap_trimmed_mean
10,34.13898070276299,-0.8361683080763777,-0.8284440929930424,-0.8488729744017797,-0.8287480990573366
