k,noisy,prediction,overlap_mean,overlap_median,overlap_trimmed_mean
10,34.15796008820963,-3.860846241365903,-3.860031992894863,-3.8792305626689103,-3.8600467584341875
