k,noisy,prediction,overlap_mean,overlap_median,overlap_trimmed_mean
10,34.1119835367741,-0.8142591251971862,-0.8045248144476311,-0.8282351067252194,-0.8048136317363864
