k,noisy,prediction,overlap_mean,overlap_median,overlap_trimmed_mean
10,34.15354309463936,-0.21929494307182734,-0.20694618442176374,-0.23534225354855187,-0.20692789897392955
