k,noisy,prediction,overlap_mean,overlap_median,overlap_trimmed_mean
10,34.13342113339255,0.5239934709820122,0.5384270307785128,0.5065960371630408,0.5380686417528933
