k,noisy,prediction,overlap_mean,overlap_median,overlap_trimmed_mean
10,34.179340159214405,-0.5467180777176099,-0.5396809042031645,-0.5627322907196446,-0.5396499701227659
