k,noisy,prediction,overlap_mean,overlap_median,overlap_trimmed_mean
10,34.18336416543534,-3.056543036171001,-3.052013365475382,-3.0704656537589687,-3.0520518993902894
