k,noisy,prediction,overlap_mean,overlap_median,overlap_trimmed_mean
10,34.154236373889816,-1.4457089793191715,-1.4365074153367114,-1.4575325770992285,-1.4363861478121671
