k,noisy,prediction,overlap_mean,overlap_median,overlap_trimmed_mean
10,34.15085199861637,-3.858211926472564,-3.8554755568887726,-3.875739590712147,-3.855586077660704
