k,noisy,prediction,overlap_mean,overlap_median,overlap_trimmed_mean
10,34.12490096805944,-4.3248314528991525,-4.3204733670776845,-4.337602421988487,-4.320427756809499
