k,noisy,prediction,overlap_mean,overlap_median,overlap_trimmed_mean
10,34.18170247452585,-2.7382577784824074,-2.732549040525259,-2.754523510014965,-2.7325561920289605
