k,noisy,prediction,overlap_mean,overlap_median,overlap_trimmed_mean
10,34.1075585680803,-1.2196502214510576,-1.210876287123666,-1.238239715124719,-1.2110011446402944
