k,noisy,prediction,overlap_mean,overlap_median,overlap_trimmed_mean
10,34.11714182268091,-2.2145999268530865,-2.20957441440646,-2.2318762742028,-2.2097263615999787
