k,noisy,prediction,overlap_mean,overlap_median,overlap_trimmed_mean
10,34.16800522153397,-1.7211026428855032,-1.7163605785537848,-1.736677072117362,-1.7162612736880114
