k,noisy,prediction,overlap_mean,overlap_median,overlap_trimmed_mean
10,34.14186788428754,-2.9557395801998894,-2.9505643645280366,-2.967191455142752,-2.950576697091093
1,20.21080170370858,19.422270778741083,19.426542246757755,19.426542246757755,nan
