k,noisy,prediction,overlap_mean,overlap_median,overlap_trimmed_mean
10,34.15354188592529,-1.012268931522648,-1.0054724455443846,-1.0332583457120132,-1.0054335383682584
