k,noisy,prediction,overlap_mean,overlap_median,overlap_trimmed_mean
10,34.14953326491575,-1.8046925498397781,-1.7981004460322025,-1.817795506543857,-1.7980383183916802
