k,noisy,prediction,overlap_mean,overlap_median,overlap_trimmed_mean
10,34.12111952038855,-6.006193800919007,-6.002553846070801,-6.016961694329579,-6.002648949504957
