k,noisy,prediction,overlap_mean,overlap_median,overlap_trimmed_mean
10,34.1525841783609,-0.7091539699444227,-0.6998715357830863,-0.728589218268227,-0.7003376675404378
