k,noisy,prediction,overlap_mean,overlap_median,overlap_trimmed_mean
10,34.119775939345296,-6.094250654306007,-6.093608857372772,-6.1111407156003805,-6.093895273665319
