k,noisy,prediction,overlap_mean,overlap_median,overlap_trimmed_mean
10,34.092561776469886,-3.7200062683256734,-3.716080624801477,-3.728611309466163,-3.7159267480164795
