k,noisy,prediction,overlap_mean,overlap_median,overlap_trimmed_mean
10,34.16198103477816,-0.5463072118638352,-0.5390188995123637,-0.5625532531032273,-0.5390607120762156
