k,noisy,prediction,overlap_mean,overlap_median,overlap_trimmed_mean
10,34.151796171458,-4.159464437666082,-4.154932785304518,-4.171544555973885,-4.155146108741793
