k,noisy,prediction,overlap_mean,overlap_median,overlap_trimmed_mean
10,34.18231221756595,1.1120336747138975,1.1242881512364873,1.0982236811093609,1.124375926643149
