k,noisy,prediction,overlap_mean,overlap_median,overlap_trimmed_mean
10,34.12912053527901,-1.5965620606784323,-1.5868990316570932,-1.6123425802283295,-1.5869546896162454
