k,noisy,prediction,overlap_mean,overlap_median,overlap_trimmed_mean
10,34.153929597259584,-2.2527655195556924,-2.2446064983824003,-2.2612498503722627,-2.2444580634095166
