k,noisy,prediction,overlap_mean,overlap_median,overlap_trimmed_mean
10,34.11433745395758,-1.5250106013284164,-1.5211076328845357,-1.540122701651883,-1.5212709080588631
