k,noisy,prediction,overlap_mean,overlap_median,overlap_trimmed_mean
10,34.16719450124529,-2.8537375574583193,-2.8500488444019005,-2.866206211848243,-2.8499787339340337
