k,noisy,prediction,overlap_mean,overlap_median,overlap_trimmed_mean
10,34.180188427890535,-4.382935650715812,-4.377239370028866,-4.3967770619805355,-4.377197229120826
