k,noisy,prediction,overlap_mean,overlap_median,overlap_trimmed_mean
10,34.18771605689722,-1.4767562452913106,-1.4652898133327001,-1.4901944784956314,-1.465533803221826
