k,noisy,prediction,overlap_mean,overlap_median,overlap_trimmed_mean
10,34.150941314567234,-4.089293964638076,-4.084131900985159,-4.099211641496147,-4.0842095593612004
