k,noisy,prediction,overlap_mean,overlap_median,overlap_trimmed_mean
10,34.17626670386591,-4.373425742802767,-4.36479708728092,-4.382714751050566,-4.3648675541328785
