k,noisy,prediction,overlap_mean,overlap_median,overlap_trimmed_mean
10,34.145942530519115,-3.1969684063861585,-3.1884405195756997,-3.2070310120396304,-3.188500606591002
