k,noisy,prediction,overlap_mean,overlap_median,overlap_trimmed_mean
10,34.145796875547674,-1.8647439820011515,-1.859789716410456,-1.8823158021254005,-1.8599845752522222
