k,noisy,prediction,overlap_mean,overlap_median,overlap_trimmed_mean
10,34.15076840108129,-1.5623207414394726,-1.5547752708191542,-1.579506919538802,-1.554967701463608
