k,noisy,prediction,overlap_mean,overlap_median,overlap_trimmed_mean
10,34.129066974046,-3.4075630040953158,-3.398210503596598,-3.4178187232658965,-3.398462822992494
