k,noisy,prediction,overlap_mean,overlap_median,overlap_trimmed_mean
10,34.148324422492095,0.5323703614565916,0.5459821692154616,0.5153455151769851,0.5454738324115717
