k,noisy,prediction,overlap_mean,overlap_median,overlap_trimmed_mean
10,34.12373227512746,-5.498012462420361,-5.496008686291153,-5.511286048852696,-5.496018726239237
