k,noisy,prediction,overlap_mean,overlap_median,overlap_trimmed_mean
10,34.16722518390208,-4.258886240414609,-4.2557186193387455,-4.269090681164011,-4.255535019606848
