k,noisy,prediction,overlap_mean,overlap_median,overlap_trimmed_mean
10,34.152041340254364,-1.1682906107874589,-1.1615590059963017,-1.1820236596530913,-1.1614470240758055
