k,noisy,prediction,overlap_mean,overlap_median,overlap_trimmed_mean
10,34.16027690749519,-1.4905338802176686,-1.4795756442135453,-1.5018676094762804,-1.4795244032717791
