k,noisy,prediction,overlap_mean,overlap_median,overlap_trimmed_mean
10,34.12501340125496,-0.96788708628941,-0.959507538321145,-0.9801184349327687,-0.9596328685459956
