k,noisy,prediction,overlap_mean,overlap_median,overlap_trimmed_mean
10,34.18202123022462,-3.2179757331524583,-3.2184945189996297,-3.231652537919441,-3.2185328340995447
