k,noisy,prediction,overlap_mean,overlap_median,overlap_trimmed_mean
10,34.119134081388076,-1.4544756311786398,-1.4457889921539646,-1.4683338650511646,-1.4461712216344331
