k,noisy,prediction,overlap_mean,overlap_median,overlap_trimmed_mean
10,34.13636473885426,-0.8278957898691583,-0.8222089961617962,-0.8467652132591396,-0.8222430163972733
