k,noisy,prediction,overlap_mean,overlap_median,overlap_trimmed_mean
10,34.12799715435849,-4.831090903684723,-4.825793991342818,-4.842468067246045,-4.826064922502597
