k,noisy,prediction,overlap_mean,overlap_median,overlap_trimmed_mean
10,34.19020179042895,0.7133097138505298,0.7265267027330334,0.6971227411874985,0.7263262253742744
