k,noisy,prediction,overlap_mean,overlap_median,overlap_trimmed_mean
10,34.1009944409117,-3.8932775037138345,-3.8895176056509966,-3.9039616081678847,-3.8897452432747452
