k,noisy,prediction,overlap_mean,overlap_median,overlap_trimmed_mean
10,34.186038199927026,-0.3902478262234119,-0.3816182622718137,-0.40553411088614105,-0.3816596725070437
