k,noisy,prediction,overlap_mean,overlap_median,overlap_trimmed_mean
10,34.17572179719518,-2.1327956710206233,-2.125524349984606,-2.146576897894212,-2.1255676061154376
