k,noisy,prediction,overlap_mean,overlap_median,overlap_trimmed_mean
10,34.15614054244356,-2.693595214520018,-2.688063266870419,-2.70958783562346,-2.6881250609300382
