k,noisy,prediction,overlap_mean,overlap_median,overlap_trimmed_mean
10,34.14220168926729,0.44979000768558436,0.47399562164880976,0.4409028589090319,0.473991373916252
