k,noisy,prediction,overlap_mean,overlap_median,overlap_trimmed_mean
10,34.171784690944676,-3.511265856054815,-3.5077801114350464,-3.52413080235631,-3.5079601670523757
