k,noisy,prediction,overlap_mean,overlap_median,overlap_trimmed_mean
10,34.1513147408274,-2.989357630340645,-2.9845774781013557,-3.00384938876475,-2.984732758898749
