k,noisy,prediction,overlap_mean,overlap_median,overlap_trimmed_mean
10,34.14295666316704,-2.2362801991015084,-2.2288390910680818,-2.249010113073172,-2.2289363855650164
