k,noisy,prediction,overlap_mean,overlap_median,overlap_trimmed_mean
10,34.1594795946089,-4.828133936251323,-4.822375620087728,-4.837615496103033,-4.822146396139356
