k,noisy,prediction,overlap_mean,overlap_median,overlap_trimmed_mean
10,34.152456779650976,-3.2625634925367737,-3.260612509525092,-3.2763393735831303,-3.2607324866765297
