k,noisy,prediction,overlap_mean,overlap_median,overlap_trimmed_mean
10,34.148431299951596,-2.7636527149092567,-2.757561332711655,-2.775285481126142,-2.7576379908605797
