k,noisy,prediction,overlap_mean,overlap_median,overlap_trimmed_mean
10,34.15118064758803,-2.2466252317291353,-2.2393016195050395,-2.2605530218744794,-2.2394080645936483
