k,noisy,prediction,overlap_mean,overlap_median,overlap_trimmed_mean
10,34.198123769822246,-3.6163890959600593,-3.6094308937134567,-3.6295078755660057,-3.6093895637180378
