k,noisy,prediction,overlap_mean,overlap_median,overlap_trimmed_mean
10,34.18189915847308,-2.272632547144683,-2.263442806016496,-2.2834244233974883,-2.263500748383155
