k,noisy,prediction,overlap_mean,overlap_median,overlap_trimmed_mean
10,34.16879116728488,-2.1352353788176988,-2.131502260729315,-2.14939260429139,-2.131549768310079
