k,noisy,prediction,overlap_mean,overlap_median,overlap_trimmed_mean
10,34.15984443661698,-3.9320611876910943,-3.9275553956096814,-3.9462605398422603,-3.92764573062996
