k,noisy,prediction,overlap_mean,overlap_median,overlap_trimmed_mean
10,34.15666625115611,-7.108003054791507,-7.106599351035042,-7.120475674205599,-7.106615617522564
