k,noisy,prediction,overlap_mean,overlap_median,overlap_trimmed_mean
10,34.16682333686935,-1.8998763670839458,-1.8941082464580292,-1.9168753924920248,-1.894128694660724
