k,noisy,prediction,overlap_mean,overlap_median,overlap_trimmed_mean
10,34.19192114903891,0.9279012715064826,0.9452581403396065,0.9056590953806071,0.9447371860860101
