k,noisy,prediction,overlap_mean,overlap_median,overlap_trimmed_mean
10,34.12356918818193,0.13173255800790576,0.1441769371921028,0.11095505197444935,0.14367598222517491
