k,noisy,prediction,overlap_mean,overlap_median,overlap_trimmed_mean
10,34.17199227938027,-4.772112763948398,-4.767099085146133,-4.781976004572303,-4.7672468011285005
