k,noisy,prediction,overlap_mean,overlap_median,overlap_trimmed_mean
10,34.147830454267186,-4.128223750119434,-4.123630630043179,-4.139893526382082,-4.123602253363374
