k,noisy,prediction,overlap_mean,overlap_median,overlap_trimmed_mean
10,34.15742041844831,-0.08645270045251113,-0.07724215352940482,-0.10809092141598695,-0.07749253122213787
