k,noisy,prediction,overlap_mean,overlap_median,overlap_trimmed_mean
10,34.15025083612922,-5.782369533054313,-5.7787752322830634,-5.794443239021561,-5.778997516273778
