k,noisy,prediction,overlap_mean,overlap_median,overlap_trimmed_mean
10,34.15167101769629,-1.8863298365812637,-1.883309815736315,-1.9043617923125997,-1.883418814034489
