k,noisy,prediction,overlap_mean,overlap_median,overlap_trimmed_mean
10,34.1690514004476,-4.053664228521637,-4.051849467382057,-4.065961388852741,-4.0517380299578285
