k,noisy,prediction,overlap_mean,overlap_median,overlap_trimmed_mean
10,34.16507311792114,-1.4112931977350962,-1.4080500901773731,-1.4294671865546467,-1.4084217453075931
