k,noisy,prediction,overlap_mean,overlap_median,overlap_trimmed_mean
10,0.8083697633576038,-0.0215073316579729,-0.02182846001656324,-0.021289564700047642,-0.02182819924246905
