k,noisy,prediction,overlap_mean,overlap_median,overlap_trimmed_mean
10,0.8943860901086561,-0.03828817201232651,-0.038442341983703984,-0.03693736311226795,-0.03844079396457748
