k,noisy,prediction,overlap_mean,overlap_median,overlap_trimmed_mean
10,0.8800588009004288,-0.030403266879558945,-0.03071597235522469,-0.029501903324032002,-0.030723196381984494
