k,noisy,prediction,overlap_mean,overlap_median,overlap_trimmed_mean
10,0.9054689137722589,-0.020053616605395903,-0.02013434361004841,-0.018236452211742266,-0.020126358164798
