k,noisy,prediction,overlap_mean,overlap_median,overlap_trimmed_mean
10,0.8334368298506378,-0.023488016082844936,-0.023841946901733368,-0.023108032185668162,-0.023843049762635866
