k,noisy,prediction,overlap_mean,overlap_median,overlap_trimmed_mean
10,0.881731017083105,-0.039439683341540986,-0.03995238987788666,-0.03838564837330462,-0.03995096870422633
