k,noisy,prediction,overlap_mean,overlap_median,overlap_trimmed_mean
10,0.929098044833232,-0.04679070079345146,-0.04710008454043738,-0.04501499286565346,-0.047106181170317715
