k,noisy,prediction,overlap_mean,overlap_median,overlap_trimmed_mean
10,0.8967262158475267,-0.037571355995565756,-0.03783581061487705,-0.036434548268980536,-0.0378286672697501
