k,noisy,prediction,overlap_mean,overlap_median,overlap_trimmed_mean
10,0.8722820473828172,-0.02583346143481039,-0.02604171528155394,-0.024661444612655545,-0.026039747000998804
