k,noisy,prediction,overlap_mean,overlap_median,overlap_trimmed_mean
10,0.8037875763232241,-0.01704315133650697,-0.01732090814644698,-0.016695683442955203,-0.0173196883443691
