k,noisy,prediction,overlap_mean,overlap_median,overlap_trimmed_mean
10,0.8109544179735808,-0.005283712683284302,-0.005325722560725172,-0.004922502786263982,-0.005322106879813422
