k,noisy,prediction,overlap_mean,overlap_median,overlap_trimmed_mean
10,0.7911395211634082,0.0013949636740018148,0.0014005583278683296,0.0013952615238829204,0.0014022472060646637
