k,noisy,prediction,overlap_mean,overlap_median,overlap_trimmed_mean
10,0.9245701172900905,-0.044445408780685244,-0.0447264885126486,-0.04272433379490006,-0.04472401078128614
