k,noisy,prediction,overlap_mean,overlap_median,overlap_trimmed_mean
10,0.7857989168178191,-0.012194753073429189,-0.012484261358309063,-0.012142015014914584,-0.01248731888367199
