k,noisy,prediction,overlap_mean,overlap_median,overlap_trimmed_mean
10,0.8500079671928857,-0.021845745343584994,-0.02224598388264963,-0.020974497436992732,-0.022239133068752352
