k,noisy,prediction,overlap_mean,overlap_median,overlap_trimmed_mean
10,0.9175091941863553,-0.037776053280999825,-0.03798631557392852,-0.03623906306961682,-0.03798130866451821
