k,noisy,prediction,overlap_mean,overlap_median,overlap_trimmed_mean
10,0.8456227103584898,-0.039130078581843614,-0.03934844638654501,-0.038202666374168186,-0.03935305567567818
