k,noisy,prediction,overlap_mean,overlap_median,overlap_trimmed_mean
10,0.9164057828410058,-0.00997173497155911,-0.00993033752520704,-0.0080778878220191,-0.00994112055091934
