k,noisy,prediction,overlap_mean,overlap_median,overlap_trimmed_mean
10,0.8716672767888654,-0.018394455701153604,-0.01862642251735338,-0.01757681128036174,-0.018625026232177738
