k,noisy,prediction,overlap_mean,overlap_median,overlap_trimmed_mean
10,0.8134343631146453,-0.018480670731013477,-0.018659703919842494,-0.017873110054025674,-0.01865588283348953
