k,noisy,prediction,overlap_mean,overlap_median,overlap_trimmed_mean
10,0.8428062685032398,-0.013409545827067548,-0.013494097011223595,-0.012825464891429841,-0.013496910758850102
