k,noisy,prediction,overlap_mean,overlap_median,overlap_trimmed_mean
10,0.8440165596052015,-0.0017095808246820562,-0.0017287534988317521,-0.0010177877778461642,-0.0017234572861075112
