k,noisy,prediction,overlap_mean,overlap_median,overlap_trimmed_mean
10,0.8721507032250478,-0.04225168374085996,-0.04267297902951665,-0.04116920759096254,-0.04266022849385553
