k,noisy,prediction,overlap_mean,overlap_median,overlap_trimmed_mean
10,0.8370408539371724,-0.01345534539335784,-0.013653367702082525,-0.013118385260991086,-0.01365229287469257
