k,noisy,prediction,overlap_mean,overlap_median,overlap_trimmed_mean
10,0.8564900902207117,-0.024325054831783134,-0.024587655124270864,-0.02356339063531225,-0.02459050530071382
