k,noisy,prediction,overlap_mean,overlap_median,overlap_trimmed_mean
10,0.8168408668145478,-0.010295191223420564,-0.010536069493388176,-0.009691737739222404,-0.01054023015248621
