k,noisy,prediction,overlap_mean,overlap_median,overlap_trimmed_mean
10,0.8394389253242976,-0.020875881637968125,-0.02115845590552954,-0.020294615475017316,-0.021155289850600074
