k,noisy,prediction,overlap_mean,overlap_median,overlap_trimmed_mean
10,0.8000633910119098,-0.008664957312832853,-0.008800921260449086,-0.008232239670879129,-0.00879220216559556
