k,noisy,prediction,overlap_mean,overlap_median,overlap_trimmed_mean
10,0.8356110278042242,-0.020061727687739513,-0.020411378784855043,-0.019853486482074172,-0.02041460177894526
