k,noisy,prediction,overlap_mean,overlap_median,overlap_trimmed_mean
10,0.8812935720406363,-0.03507813688027472,-0.03533804344914144,-0.03392229313831923,-0.0353310276195863
