k,noisy,prediction,overlap_mean,overlap_median,overlap_trimmed_mean
10,0.8232236943238221,-0.020262073865940748,-0.020584584844720817,-0.020048791529527515,-0.02058079028671183
