k,noisy,prediction,overlap_mean,overlap_median,overlap_trimmed_mean
10,0.8870068044303822,-0.03181560948519437,-0.03220150382775462,-0.03076914255453341,-0.032201916277320775
