k,noisy,prediction,overlap_mean,overlap_median,overlap_trimmed_mean
10,0.8387145850467811,-0.025940985716200418,-0.026350672720544987,-0.025442490056731003,-0.026349198109582195
