k,noisy,prediction,overlap_mean,overlap_median,overlap_trimmed_mean
10,0.9163882392085063,-0.035071392191540846,-0.035295945366459136,-0.033704566619268496,-0.03529494035334544
