k,noisy,prediction,overlap_mean,overlap_median,overlap_trimmed_mean
10,0.8298731186458881,-0.020348958813926933,-0.020873924512148062,-0.0201823522749974,-0.020873008389483298
