k,noisy,prediction,overlap_mean,overlap_median,overlap_trimmed_mean
10,0.8712931863122164,-0.037962947992169184,-0.03845183425634623,-0.037077679046712046,-0.03844392925259802
