k,noisy,prediction,overlap_mean,overlap_median,overlap_trimmed_mean
10,0.8674370038914815,-0.029359745001431806,-0.02973976012608327,-0.028537184749483916,-0.029740903745977525
