k,noisy,prediction,overlap_mean,overlap_median,overlap_trimmed_mean
10,0.8997062304388983,-0.03145338416989383,-0.03174078419854114,-0.02996550540386214,-0.031739942314017326
