k,noisy,prediction,overlap_mean,overlap_median,overlap_trimmed_mean
10,0.8825095957528181,-0.02993041583857163,-0.030267679078538133,-0.028723263548653233,-0.030263833353376828
