k,noisy,prediction,overlap_mean,overlap_median,overlap_trimmed_mean
10,0.878380850770929,-0.02648103805065956,-0.026823543659681898,-0.02587563429261769,-0.02682969351395249
