k,noisy,prediction,overlap_mean,overlap_median,overlap_trimmed_mean
10,0.890339857493445,-0.03476513761708842,-0.035155768566018895,-0.03351490374307085,-0.03515491814123307
