k,noisy,prediction,overlap_mean,overlap_median,overlap_trimmed_mean
10,0.8509139434563893,-0.04952757653368635,-0.05023762198963069,-0.04892771789263785,-0.050229048698242865
