k,noisy,prediction,overlap_mean,overlap_median,overlap_trimmed_mean
10,0.8605663274110199,-0.03219561078739104,-0.03268756199907642,-0.03148008880984902,-0.032687215847723036
