k,noisy,prediction,overlap_mean,overlap_median,overlap_trimmed_mean
10,0.8892014169019673,-0.021125430942692744,-0.021264875022432003,-0.019580966311323094,-0.021268134797860664
