k,noisy,prediction,overlap_mean,overlap_median,overlap_trimmed_mean
10,0.8293121301433248,-0.02968120435729882,-0.03006979010389451,-0.029276624162327507,-0.030062868089246613
