k,noisy,prediction,overlap_mean,overlap_median,overlap_trimmed_mean
10,0.9550455942104502,-0.04560229918523866,-0.04566899536460979,-0.043198095739130894,-0.04566872177264802
