k,noisy,prediction,overlap_mean,overlap_median,overlap_trimmed_mean
10,0.8532860230462466,-0.035067019695803815,-0.035402253294978946,-0.034100617789045565,-0.03539138152806097
