k,noisy,prediction,overlap_mean,overlap_median,overlap_trimmed_mean
10,0.8841722765432033,-0.022886275136774308,-0.02298203529737389,-0.021398391120438533,-0.022982993067977124
