k,noisy,prediction,overlap_mean,overlap_median,overlap_trimmed_mean
10,0.9003524400795453,-0.033544231763261545,-0.03383969800186168,-0.03239140647029399,-0.033833464785250456
