k,noisy,prediction,overlap_mean,overlap_median,overlap_trimmed_mean
10,0.8335556355662967,-0.021485546439471107,-0.021814892891492913,-0.021165201139342865,-0.021807885584049908
