k,noisy,prediction,overlap_mean,overlap_median,overlap_trimmed_mean
10,0.862008481716471,-0.036777094273731506,-0.03719119057972521,-0.03619324300479358,-0.03719616669785158
