k,noisy,prediction,overlap_mean,overlap_median,overlap_trimmed_mean
10,0.7643867170437719,-0.001524961983951996,-0.0015318887180961539,-0.0012928510148904958,-0.0015375966909000384
