k,noisy,prediction,overlap_mean,overlap_median,overlap_trimmed_mean
10,0.8389900716997166,-0.006707606373023529,-0.006735371861733948,-0.006145745762940034,-0.006741297563484646
