k,noisy,prediction,overlap_mean,overlap_median,overlap_trimmed_mean
10,0.8855379214325623,-0.03714322196834098,-0.037635652390822893,-0.03627303502000224,-0.03763098474609546
