k,noisy,prediction,overlap_mean,overlap_median,overlap_trimmed_mean
10,0.831278238623349,-0.0025966512745962496,-0.002607969939453421,-0.002056808553227631,-0.0026058579213552413
