k,noisy,prediction,overlap_mean,overlap_median,overlap_trimmed_mean
10,0.8538292979397389,-0.02059382213270764,-0.020976749151074447,-0.019798700534581732,-0.020984456135974654
