k,noisy,prediction,overlap_mean,overlap_median,overlap_trimmed_mean
10,0.8146087303932236,-0.02331709036339178,-0.023646650771273245,-0.022862655424604778,-0.023641145532629908
