k,noisy,prediction,overlap_mean,overlap_median,overlap_trimmed_mean
10,0.8783035870336214,-0.023101269112812933,-0.023410874233484775,-0.022125334108451848,-0.023403637993475047
