k,noisy,prediction,overlap_mean,overlap_median,overlap_trimmed_mean
10,0.8027850066916679,-0.014890715790741265,-0.01508414383851824,-0.014404945797617696,-0.015078430079154404
