k,noisy,prediction,overlap_mean,overlap_median,overlap_trimmed_mean
10,0.9655702129941038,-0.04649728682164744,-0.046613669850302214,-0.04391767019533607,-0.04661759862055562
