k,noisy,prediction,overlap_mean,overlap_median,overlap_trimmed_mean
10,0.8751723290560701,-0.02925759944117986,-0.029520805358102625,-0.027700285719640016,-0.02951633080325638
