k,noisy,prediction,overlap_mean,overlap_median,overlap_trimmed_mean
10,0.9121430927263552,-0.045450411401480484,-0.04582654465850447,-0.04397262449350104,-0.04582213876664835
