k,noisy,prediction,overlap_mean,overlap_median,overlap_trimmed_mean
10,0.9070000187066569,-0.03124846651631025,-0.03141249532094294,-0.029496264124649445,-0.03142013064310728
