k,noisy,prediction,overlap_mean,overlap_median,overlap_trimmed_mean
10,0.865720739436199,-0.02422425126333974,-0.024665909921101088,-0.023760466954335056,-0.02466717003742269
