k,noisy,prediction,overlap_mean,overlap_median,overlap_trimmed_mean
10,0.812099357536886,-0.016249618665806084,-0.016600872380451846,-0.016003401257890997,-0.016593814924941646
1,0.21444275205610833,0.8371350929647923,0.8356189235634451,0.8356189235634451,nan
