k,noisy,prediction,overlap_mean,overlap_median,overlap_trimmed_mean
10,0.8479859744114283,-0.015092767275228262,-0.015333717968986308,-0.014886450120382366,-0.015326817963945472
