k,noisy,prediction,overlap_mean,overlap_median,overlap_trimmed_mean
10,0.9185885583233586,-0.04201263604569537,-0.04229765462260711,-0.040334146084406115,-0.042291758845569176
