k,noisy,prediction,overlap_mean,overlap_median,overlap_trimmed_mean
10,0.8608155343739446,-0.03972437807221979,-0.040275514847238396,-0.03922042671244682,-0.04026259609587047
