k,noisy,prediction,overlap_mean,overlap_median,overlap_trimmed_mean
10,0.8754948135603396,-0.02191645970752432,-0.02227006737352639,-0.021079842119976565,-0.02226960200622189
