k,noisy,prediction,overlap_mean,overlap_median,overlap_trimmed_mean
10,0.9476796457619675,-0.0453754418126016,-0.045516809271625186,-0.04283544284826512,-0.04550695726660294
