k,noisy,prediction,overlap_mean,overlap_median,overlap_trimmed_mean
10,0.8559424693329544,-0.01980794932515012,-0.020040159123022934,-0.018812530965051137,-0.020035861856167566
