k,noisy,prediction,overlap_mean,overlap_median,overlap_trimmed_mean
10,0.8298327682331045,-0.019717122751835396,-0.02005788193668782,-0.019276399124572845,-0.020051786515834353
