k,noisy,prediction,overlap_mean,overlap_median,overlap_trimmed_mean
10,0.7773031352093018,-0.0043183282721370505,-0.004419443381132682,-0.004151127544789949,-0.004417687407533806
