k,noisy,prediction,overlap_mean,overlap_median,overlap_trimmed_mean
10,0.8511054959472089,-0.018623904238631785,-0.018827983474650332,-0.017968779470778747,-0.018828651233434756
