k,noisy,prediction,overlap_mean,overlap_median,overlap_trimmed_mean
10,0.9018634043102569,-0.0006290326702659138,-0.0006320493263903084,0.0013650431335437802,-0.0006309571703098272
