k,noisy,prediction,overlap_mean,overlap_median,overlap_trimmed_mean
10,0.9234662630522203,-0.02142821132548288,-0.021638842346991365,-0.019193523588444734,-0.021640785904827934
