k,noisy,prediction,overlap_mean,overlap_median,overlap_trimmed_mean
10,0.8660376876190244,-0.002049394369377183,-0.001933682025061078,-0.001119631784018032,-0.0019297874072287367
