k,noisy,prediction,overlap_mean,overlap_median,overlap_trimmed_mean
10,0.8413062647476819,-0.017830574259187056,-0.017924510573353942,-0.017174856892871054,-0.0179267859094682
