k,noisy,prediction,overlap_mean,overlap_median,overlap_trimmed_mean
10,0.8525309717396902,-0.02889983531141059,-0.02931113678822147,-0.02812052382552626,-0.029307560754400296
