k,noisy,prediction,overlap_mean,overlap_median,overlap_trimmed_mean
10,0.9146775118652583,-0.05065845231317049,-0.051078664426174585,-0.04941299647826054,-0.05107263427599485
