k,noisy,prediction,overlap_mean,overlap_median,overlap_trimmed_mean
10,0.8669287286726105,-0.012882903823908044,-0.01295849175329839,-0.011794004010992027,-0.012957109193666421
