k,noisy,prediction,overlap_mean,overlap_median,overlap_trimmed_mean
10,0.8545030401919161,-0.019392105384532635,-0.019643079020834224,-0.018882148623792092,-0.01963797578649983
