k,noisy,prediction,overlap_mean,overlap_median,overlap_trimmed_mean
10,0.8779799599550613,-0.01852023221242595,-0.01852231405937459,-0.017214382772634925,-0.018523109779307368
