k,noisy,prediction,overlap_mean,overlap_median,overlap_trimmed_mean
10,0.8282084111141547,-0.016596899335909777,-0.016785742548894686,-0.016146036541112154,-0.016782562205452812
