k,noisy,prediction,overlap_mean,overlap_median,overlap_trimmed_mean
10,0.9171974941560328,-0.01642945856167483,-0.01643250192607258,-0.014983007948802776,-0.016424909511204764
1,0.4739105284031017,0.7552268985131053,0.7581227524562473,0.7581227524562473,nan
