k,noisy,prediction,overlap_mean,overlap_median,overlap_trimmed_mean
10,0.8267273543041902,-0.024181806361208133,-0.02468216089106182,-0.02412933886824794,-0.024671398777013943
