k,noisy,prediction,overlap_mean,overlap_median,overlap_trimmed_mean
10,0.852840627779859,-0.024360758585430253,-0.024826968275812718,-0.02399401986009518,-0.0248183940521145
