k,noisy,prediction,overlap_mean,overlap_median,overlap_trimmed_mean
10,0.8863756485470282,-0.028229282713713298,-0.02851105263447323,-0.02728779940417699,-0.028511059628912563
