k,noisy,prediction,overlap_mean,overlap_median,overlap_trimmed_mean
10,0.8878129267971391,-0.0012836394233378264,-0.0011638164181337037,0.0004911775560785554,-0.0011672906924910947
