k,noisy,prediction,overlap_mean,overlap_median,overlap_trimmed_mean
10,0.9325101131270507,-0.029144152253293577,-0.029383133335248723,-0.026963163829980572,-0.029381632432037404
