k,noisy,prediction,overlap_mean,overlap_median,overlap_trimmed_mean
10,0.9156157424707283,-0.028746840090330232,-0.028947353660312907,-0.027120009886534426,-0.02894400350575968
1,0.3880577005919651,0.6410514210685748,0.6383260966233223,0.6383260966233223,nan
