k,noisy,prediction,overlap_mean,overlap_median,overlap_trimmed_mean
10,0.865013339287215,-0.025459604582880224,-0.02572501667381242,-0.024527716572004414,-0.025723188612001402
