k,noisy,prediction,overlap_mean,overlap_median,overlap_trimmed_mean
10,0.8574017980504398,-0.046358728960739885,-0.04685044533551741,-0.04545237547761108,-0.04685153940851259
