k,noisy,prediction,overlap_mean,overlap_median,overlap_trimmed_mean
10,0.8854098256079823,-0.027908934549238158,-0.028202515136009562,-0.026855981716696314,-0.028202014895452834
