k,noisy,prediction,overlap_mean,overlap_median,overlap_trimmed_mean
10,0.8231247812872554,-0.017873354737942455,-0.018066753955671904,-0.017276422982776717,-0.01806363957270306
