k,noisy,prediction,overlap_mean,overlap_median,overlap_trimmed_mean
10,0.9370182944212528,-0.06218314446223437,-0.06252464163887497,-0.06050130643775993,-0.06253302986514994
1,0.4978649744868526,0.6863655870164533,0.6836055374985472,0.6836055374985472,nan
