k,noisy,prediction,overlap_mean,overlap_median,overlap_trimmed_mean
10,0.8207031184550378,-0.022421130013647803,-0.022860214862382666,-0.022223215603207305,-0.022852319064950354
1,0.21273819074257,0.81834703657055,0.814346760903592,0.814346760903592,nan
