k,noisy,prediction,overlap_mean,overlap_median,overlap_trimmed_mean
10,0.8664305036556663,-0.0326993609385058,-0.03314743587162452,-0.03201178007523232,-0.0331438952248355
