k,noisy,prediction,overlap_mean,overlap_median,overlap_trimmed_mean
10,0.8438134122366928,-0.020331615592618056,-0.020575187751527575,-0.019802608639945138,-0.02058837830884565
