k,noisy,prediction,overlap_mean,overlap_median,overlap_trimmed_mean
10,0.8883346962960178,-0.020707684794442734,-0.02096214318265312,-0.020117225320513327,-0.020954984013421406
