k,noisy,prediction,overlap_mean,overlap_median
1,20.173128640903254,20.62985534862895,20.67041701960601,20.67041701960601
