k,noisy,prediction,overlap_mean,overlap_median
1,20.21080170370858,22.702961763255153,22.73862486496425,22.73862486496425
