k,noisy,prediction,overlap_mean,overlap_median
1,0.3968400646161606,0.7451104908362749,0.745258680490821,0.745258680490821
