k,noisy,prediction,overlap_mean,overlap_median
1,0.3047710873364477,0.7823427398696315,0.7843660708402703,0.7843660708402703
