k,noisy,prediction,overlap_mean,overlap_median
1,0.38088763364939543,0.7245326963883653,0.725072050044822,0.725072050044822
