k,noisy,prediction,overlap_mean,overlap_median
20,20.200910635233868,19.017180832357756,19.183861934648366,19.10604411555293
