k,noisy,prediction,overlap_mean,overlap_median
20,20.16947707450576,20.49358045067403,20.75143417456655,20.663843661165767
