k,noisy,prediction,overlap_mean,overlap_median
20,20.173128640903254,20.62985534862895,20.900544708458067,20.800342995006854
