k,noisy,prediction,overlap_mean,overlap_median
20,20.155454381074676,20.868295668308736,21.052819978965584,20.97015210339444
