k,noisy,prediction,overlap_mean,overlap_median
20,20.148414640811243,21.458989953400692,21.86851007619419,21.778835430708845
