k,noisy,prediction,overlap_mean,overlap_median
20,0.2434437357788729,0.7284869132611522,0.7734384290380547,0.7693501267340779
