k,noisy,prediction,overlap_mean,overlap_median
20,0.35144253746906634,0.740520217394031,0.7864326297905786,0.7821827433831312
