k,noisy,prediction,overlap_mean,overlap_median
20,0.44439352494416606,0.7231848420173091,0.7659425053917623,0.7599044282829318
