k,noisy,prediction,overlap_mean,overlap_median
20,0.38088763364939543,0.7245326963883653,0.7643026752337128,0.759421888202829
