k,noisy,prediction,overlap_mean,overlap_median
20,0.35504185796037524,0.7291811672652144,0.772529059863527,0.7677147966507425
