k,noisy,prediction,overlap_mean,overlap_median,overlap_trimmed_mean
10,20.1730566929306,19.353343593660156,19.5353499389123,19.39389104009318,19.530442100514257
