k,noisy,prediction,overlap_mean,overlap_median,overlap_trimmed_mean
10,20.17085074940884,16.6307094343447,16.7155666650347,16.607415003179508,16.715686861437916
