k,noisy,prediction,overlap_mean,overlap_median,overlap_trimmed_mean
10,20.143925631875724,20.842482714094366,21.081573562535823,20.928519795050164,21.079249992099463
