k,noisy,prediction,overlap_mean,overlap_median,overlap_trimmed_mean
10,20.17191465410702,19.460487281114883,19.636264749654412,19.49532062991746,19.63473344564411
