k,noisy,prediction,overlap_mean,overlap_median,overlap_trimmed_mean
10,20.187794414524912,19.607265236178854,19.763619665738407,19.630324098821614,19.762588855515286
