k,noisy,prediction,overlap_mean,overlap_median,overlap_trimmed_mean
10,20.162467797567167,19.500990219756872,19.690357682639185,19.53999327385975,19.68433251385756
