k,noisy,prediction,overlap_mean,overlap_median,overlap_trimmed_mean
10,20.185407198909164,21.133673747187267,21.32530608539735,21.185768208798756,21.32821566503185
