k,noisy,prediction,overlap_mean,overlap_median,overlap_trimmed_mean
10,20.162801602546914,22.973148547797066,23.36883913747508,23.265951021924316,23.372953260866623
