k,noisy,prediction,overlap_mean,overlap_median,overlap_trimmed_mean
10,20.14037585262492,16.638952220387285,16.689033288998495,16.574366948100824,16.686728333804304
