k,noisy,prediction,overlap_mean,overlap_median,overlap_trimmed_mean
10,20.218723683101874,18.729070517933984,18.880439330199327,18.742190293901004,18.881197983497618
