k,noisy,prediction,overlap_mean,overlap_median,overlap_trimmed_mean
10,20.20118910751377,21.420336923203077,21.788362383160155,21.633297626049746,21.78177678458651
