k,noisy,prediction,overlap_mean,overlap_median,overlap_trimmed_mean
10,20.171499912327768,18.76466201566117,18.920451053008097,18.803689587108636,18.915309200978115
