k,noisy,prediction,overlap_mean,overlap_median,overlap_trimmed_mean
10,20.139733994667704,20.984887799670027,21.211434202155704,21.071859963826242,21.206830249266673
