k,noisy,prediction,overlap_mean,overlap_median,overlap_trimmed_mean
10,20.113161689749507,18.919885926675796,19.18346016146407,19.02475648914834,19.1741393078213
