k,noisy,prediction,overlap_mean,overlap_median,overlap_trimmed_mean
10,20.2024990717527,20.061703091355596,20.29046954572152,20.127825870712122,20.287599908072934
