k,noisy,prediction,overlap_mean,overlap_median,overlap_trimmed_mean
10,20.17483628716944,21.095162100606867,21.407858532927555,21.236016191867154,21.402364052814487
