k,noisy,prediction,overlap_mean,overlap_median,overlap_trimmed_mean
10,20.14416910146156,22.85318107040395,23.255576404710453,23.076380239931893,23.249498320095377
