k,noisy,prediction,overlap_mean,overlap_median,overlap_trimmed_mean
10,20.180292055890007,18.662063026374526,18.843002726534433,18.720843845981253,18.840050513255573
