k,noisy,prediction,overlap_mean,overlap_median,overlap_trimmed_mean
10,20.188605134813592,20.64934935355549,20.83080519054287,20.69325430087889,20.832345393156473
