k,noisy,prediction,overlap_mean,overlap_median,overlap_trimmed_mean
10,20.137741735960528,20.160408777665392,20.297234054992934,20.14698319254868,20.297354764977598
