k,noisy,prediction,overlap_mean,overlap_median,overlap_trimmed_mean
10,20.202302387805467,19.770014141914267,19.937637642064455,19.792711207520796,19.938847528808715
