k,noisy,prediction,overlap_mean,overlap_median,overlap_trimmed_mean
10,20.17013317819538,20.605509863910896,20.78677206758149,20.62812936473386,20.784116776372578
