k,noisy,prediction,overlap_mean,overlap_median,overlap_trimmed_mean
10,20.192592192659898,17.71855043817704,17.832050697487922,17.73586363347895,17.832236482920084
