k,noisy,prediction,overlap_mean,overlap_median,overlap_trimmed_mean
10,20.154163821425023,19.747049634564117,20.038389565507515,19.871104668344007,20.031449139755168
