k,noisy,prediction,overlap_mean,overlap_median,overlap_trimmed_mean
10,20.194581710056255,19.584915280018123,19.762524790746617,19.611375614892495,19.7580546386128
