k,noisy,prediction,overlap_mean,overlap_median,overlap_trimmed_mean
10,20.21267354732633,23.332034272423016,23.706635429591604,23.49714940283979,23.7037776718816
