k,noisy,prediction,overlap_mean,overlap_median,overlap_trimmed_mean
10,20.121594354191323,18.508489752960923,18.633139469968313,18.511811725432853,18.62846593583089
