k,noisy,prediction,overlap_mean,overlap_median,overlap_trimmed_mean
10,20.176740455723177,19.659481978800983,19.81796222659077,19.645932954194247,19.81686399955536
