k,noisy,prediction,overlap_mean,overlap_median,overlap_trimmed_mean
10,20.189856102144446,21.50337026445872,21.79802877863655,21.60747970397648,21.792467024263576
