k,noisy,prediction,overlap_mean,overlap_median,overlap_trimmed_mean
10,20.16983952343246,23.71774161165758,24.39031481035084,24.369626155942612,24.388216392297455
