k,noisy,prediction,overlap_mean,overlap_median,overlap_trimmed_mean
10,20.163556576446666,20.11832324922461,20.359614329582023,20.187633364219835,20.353095384878955
