k,noisy,prediction,overlap_mean,overlap_median,overlap_trimmed_mean
10,20.17264125353399,21.172875724332293,21.457372487106944,21.277781228883647,21.45446255394041
