k,noisy,prediction,overlap_mean,overlap_median,overlap_trimmed_mean
10,20.1963217104748,20.39120874239753,20.572161792907483,20.42016263054815,20.56950185455615
