k,noisy,prediction,overlap_mean,overlap_median,overlap_trimmed_mean
10,20.149559028533687,22.140355758999817,22.579719903831993,22.384480507404096,22.567841859688578
