k,noisy,prediction,overlap_mean,overlap_median,overlap_trimmed_mean
10,20.20291213084558,23.420029497377914,23.746250726511505,23.51201245193743,23.743801291773995
