k,noisy,prediction,overlap_mean,overlap_median,overlap_trimmed_mean
10,20.16654244379874,19.39174789781535,19.59345321971171,19.485757491265232,19.59253215398836
