k,noisy,prediction,overlap_mean,overlap_median,overlap_trimmed_mean
10,20.169031213231214,19.615339149634178,19.79288274067436,19.65462729236319,19.789426762545787
