k,noisy,prediction,overlap_mean,overlap_median,overlap_trimmed_mean
10,20.194930777521968,21.743986012264976,22.030981710213773,21.8431565204903,22.027604304404647
