k,noisy,prediction,overlap_mean,overlap_median,overlap_trimmed_mean
10,20.174141799204914,21.364445238942274,21.551233462127023,21.359488217859415,21.554306470772108
