k,noisy,prediction,overlap_mean,overlap_median,overlap_trimmed_mean
10,20.154021046672174,23.255882982310663,23.687368403381473,23.426398724821237,23.678548152496653
