k,noisy,prediction,overlap_mean,overlap_median,overlap_trimmed_mean
10,20.14171943366817,16.443982052900946,16.539542123145374,16.436078343840897,16.54030689950438
