k,noisy,prediction,overlap_mean,overlap_median,overlap_trimmed_mean
10,20.132583450053723,21.84368183246668,22.18788964440519,21.993894087994484,22.176758110148032
