k,noisy,prediction,overlap_mean,overlap_median,overlap_trimmed_mean
10,20.21252106231853,23.865948938216683,24.34746118493807,24.13668777578039,24.34361371616117
