k,noisy,prediction,overlap_mean,overlap_median,overlap_trimmed_mean
10,20.17802033172794,22.908221858303076,23.20472136570657,23.01276500556905,23.198576750653302
