k,noisy,prediction,overlap_mean,overlap_median,overlap_trimmed_mean
10,20.200788341170156,18.21753145024791,18.30176912567902,18.167375203434787,18.303057438465125
