k,noisy,prediction,overlap_mean,overlap_median,overlap_trimmed_mean
10,20.17178056086765,20.2537730326376,20.485787352043108,20.33041513479873,20.4825795030464
