k,noisy,prediction,overlap_mean,overlap_median,overlap_trimmed_mean
10,20.18007950788852,17.734583649749748,17.883266250476098,17.77719243751438,17.884776501172134
