k,noisy,prediction,overlap_mean,overlap_median,overlap_trimmed_mean
10,20.176171839042855,20.552895921867346,20.760530487993524,20.602869713971018,20.75608516074094
