k,noisy,prediction,overlap_mean,overlap_median,overlap_trimmed_mean
10,20.134937367237207,20.834812754477067,21.010779311414872,20.840051782125173,21.006887374559135
