k,noisy,prediction,overlap_mean,overlap_median,overlap_trimmed_mean
10,20.182530573669656,20.941913578072118,21.246488507240734,21.07531538309,21.235440709588925
