k,noisy,prediction,overlap_mean,overlap_median,overlap_trimmed_mean
10,20.148597067638114,17.627017803954267,17.75472874217058,17.641513060733523,17.752437605766257
