k,noisy,prediction,overlap_mean,overlap_median,overlap_trimmed_mean
10,20.156964652133883,21.772781523187938,22.00439376713009,21.8245997202254,22.001503070553504
