k,noisy,prediction,overlap_mean,overlap_median,overlap_trimmed_mean
10,20.20262114350425,19.441370213802156,19.65765998451071,19.49217610997627,19.643191868566817
