k,noisy,prediction,overlap_mean,overlap_median,overlap_trimmed_mean
10,20.171368314360908,20.966312192533145,21.22924111672402,21.066550231921436,21.225253507641174
