k,noisy,prediction,overlap_mean,overlap_median,overlap_trimmed_mean
10,20.203964078714964,19.31233670306888,19.49084395418881,19.36121002496382,19.491196032072775
