k,noisy,prediction,overlap_mean,overlap_median,overlap_trimmed_mean
10,20.174529510539205,20.228742919623713,20.477872558338937,20.31231470111576,20.4733651254716
