k,noisy,prediction,overlap_mean,overlap_median,overlap_trimmed_mean
10,20.17856000148925,18.66228880760225,18.750660824304344,18.61461346988382,18.751129312725833
