k,noisy,prediction,overlap_mean,overlap_median,overlap_trimmed_mean
10,20.11224927428902,18.328521778085072,18.45038851679424,18.34586294888502,18.452047722884263
