k,noisy,prediction,overlap_mean,overlap_median,overlap_trimmed_mean
10,20.15958061604262,21.684916629362192,21.96083884802047,21.798457260064023,21.95308611499986
