k,noisy,prediction,overlap_mean,overlap_median,overlap_trimmed_mean
10,20.208315970176848,21.02143407282619,21.262324844685786,21.118991083048687,21.26125170470992
