k,noisy,prediction,overlap_mean,overlap_median,overlap_trimmed_mean
10,20.190924185930413,18.077823973447604,18.16164496905884,18.036574002332028,18.162672864229325
