k,noisy,prediction,overlap_mean,overlap_median,overlap_trimmed_mean
10,20.180876820774817,20.95005329988584,21.198255850547042,21.03183677187157,21.197860501093725
