k,noisy,prediction,overlap_mean,overlap_median,overlap_trimmed_mean
10,20.145500881339068,18.341679086187,18.487933577489894,18.369425847847968,18.488120104191232
