k,noisy,prediction,overlap_mean,overlap_median,overlap_trimmed_mean
10,20.16261875077167,17.816134316163133,17.936031588542935,17.83159236486332,17.93470331630572
