k,noisy,prediction,overlap_mean,overlap_median,overlap_trimmed_mean
10,20.12815848135993,21.47369835824817,21.71310349487655,21.549859357642205,21.711717741149567
