k,noisy,prediction,overlap_mean,overlap_median,overlap_trimmed_mean
10,20.166396788827296,20.493800009276647,20.708286980078793,20.52256378994001,20.70293336536806
