k,noisy,prediction,overlap_mean,overlap_median,overlap_trimmed_mean
10,20.182586465345054,19.961599536130716,20.205697603726467,20.039595966177423,20.198267420096098
