k,noisy,prediction,overlap_mean,overlap_median,overlap_trimmed_mean
10,20.180444349896597,18.48263795462674,18.59408556347531,18.448215344215125,18.59407575858905
