k,noisy,prediction,overlap_mean,overlap_median,overlap_trimmed_mean
10,20.206638113206644,22.054431837782577,22.326312413571266,22.144057532362773,22.32439493633337
