k,noisy,prediction,overlap_mean,overlap_median,overlap_trimmed_mean
10,20.164471039459713,23.00059036335742,23.379951256821677,23.15473734832416,23.373324858112113
