k,noisy,prediction,overlap_mean,overlap_median,overlap_trimmed_mean
10,20.1923846042243,18.81010801168222,18.926262548097945,18.787960286623594,18.92326997173167
