k,noisy,prediction,overlap_mean,overlap_median,overlap_trimmed_mean
10,20.177266164435736,15.392456506824615,15.455230669129605,15.361558456978862,15.456347189402898
