k,noisy,prediction,overlap_mean,overlap_median,overlap_trimmed_mean
10,20.185673031200764,21.155912772644598,21.40234412970651,21.187729292631904,21.38729098631306
