k,noisy,prediction,overlap_mean,overlap_median,overlap_trimmed_mean
10,20.15032423318275,18.97263993153558,19.142479214347507,18.979978588058653,19.135980657441866
