k,noisy,prediction,overlap_mean,overlap_median,overlap_trimmed_mean
10,20.189651313727225,18.36765873659142,18.476999429076564,18.34310451448384,18.47464493424432
