k,noisy,prediction,overlap_mean,overlap_median,overlap_trimmed_mean
10,20.19994007249403,21.949286111368412,22.222913776068193,22.04123644111398,22.219552503171222
