k,noisy,prediction,overlap_mean,overlap_median,overlap_trimmed_mean
10,20.21080170370858,23.092203376298038,23.44923467557116,23.235820883307632,23.44473114185633
