k,noisy,prediction,overlap_mean,overlap_median,overlap_trimmed_mean
10,20.187423250148974,20.409243997857406,20.554599025491726,20.381739972764137,20.553947090154445
