k,noisy,prediction,overlap_mean,overlap_median,overlap_trimmed_mean
10,20.172396084737624,18.310720827957418,18.453057333284356,18.32550493149964,18.451561790771013
