k,noisy,prediction,overlap_mean,overlap_median,overlap_trimmed_mean
10,20.125002574618613,19.670453074042925,19.862592393490488,19.712685894099828,19.86057583122324
