k,noisy,prediction,overlap_mean,overlap_median,overlap_trimmed_mean
10,20.144335453031985,23.679662207789068,24.096259708331345,23.94244866451908,24.08838886649752
