k,noisy,prediction,overlap_mean,overlap_median,overlap_trimmed_mean
10,20.168924335771724,23.013731856568725,23.503653659006638,23.32432937161736,23.4978964062297
