k,noisy,prediction,overlap_mean,overlap_median,overlap_trimmed_mean
10,20.174143007918985,22.659249772021134,23.044091498606008,22.838042557753088,23.04485042335442
