k,noisy,prediction,overlap_mean,overlap_median,overlap_trimmed_mean
10,20.17318409164052,21.684755857316773,21.93753235777143,21.76277215663081,21.9323608377346
