k,noisy,prediction,overlap_mean,overlap_median,overlap_trimmed_mean
10,20.14966688732562,19.088799018488032,19.280162364442543,19.1261764099489,19.27774569508768
