k,noisy,prediction,overlap_mean,overlap_median,overlap_trimmed_mean
10,20.182580948057783,21.854145830231868,22.13920796336783,21.96018203898868,22.136527677839982
