k,noisy,prediction,overlap_mean,overlap_median,overlap_trimmed_mean
10,20.1893910805645,20.345874590642406,20.53784066745998,20.36308922013164,20.52856186209473
