k,noisy,prediction,overlap_mean,overlap_median,overlap_trimmed_mean
10,20.166558038705553,23.18926524880196,23.61646906187765,23.420286952325835,23.616974775036432
