k,noisy,prediction,overlap_mean,overlap_median,overlap_trimmed_mean
10,20.14433218840708,17.106849001392014,17.190969377430168,17.08815112269515,17.192214110188946
