k,noisy,prediction,overlap_mean,overlap_median,overlap_trimmed_mean
10,20.172270930975905,20.782443793551288,20.97576848458029,20.795105257103017,20.96718397275492
