k,noisy,prediction,overlap_mean,overlap_median,overlap_trimmed_mean
10,20.145613314534586,21.442757749956275,21.74126906677102,21.583775095484413,21.736547236444395
