k,noisy,prediction,overlap_mean,overlap_median,overlap_trimmed_mean
10,20.149720448558632,21.113575910586732,21.34656430364955,21.18961264326987,21.34542764709058
