k,noisy,prediction,overlap_mean,overlap_median,overlap_trimmed_mean
10,20.187825097181708,18.215082560899763,18.447915136758937,18.316749415867967,18.44550089919523
