k,noisy,prediction,overlap_mean,overlap_median,overlap_trimmed_mean
10,20.171451911895986,18.64846662072179,18.74072252789949,18.59333025880538,18.740525578001296
