k,noisy,prediction,overlap_mean,overlap_median,overlap_trimmed_mean
10,20.185447932996688,17.242302844771626,17.35142841858736,17.246890375252384,17.350128514117685
