k,noisy,prediction,overlap_mean,overlap_median,overlap_trimmed_mean
10,20.171541227846856,18.273434939239422,18.3839168097458,18.260861922060027,18.382427592669988
