k,noisy,prediction,overlap_mean,overlap_median,overlap_trimmed_mean
10,20.156088694786366,18.91765211705134,19.08288789189411,18.92805121713099,19.075694235263313
