k,noisy,prediction,overlap_mean,overlap_median,overlap_trimmed_mean
10,20.16843036754681,18.177242071625532,18.28633661845114,18.155205595628722,18.285826244464396
