k,noisy,prediction,overlap_mean,overlap_median,overlap_trimmed_mean
10,20.196866617145538,18.11809486859522,18.277480963863834,18.16549204078163,18.277619610344914
