k,noisy,prediction,overlap_mean,overlap_median,overlap_trimmed_mean
10,0.2247335483960356,0.7937548025061861,0.8525908579834681,0.8473852251106414,0.8524640910087327
