k,noisy,prediction,overlap_mean,overlap_median,overlap_trimmed_mean
10,0.29349713058173027,0.8004530389272799,0.8464138248386448,0.8406952536181602,0.8453109797860948
