k,noisy,prediction,overlap_mean,overlap_median,overlap_trimmed_mean
10,0.2755250097612626,0.7926463836820526,0.8433804877946791,0.8385068279410046,0.8428067542492519
