k,noisy,prediction,overlap_mean,overlap_median,overlap_trimmed_mean
10,0.3869524004538503,0.6716901987563147,0.7141864899326078,0.7044942424172796,0.7104392032343678
