k,noisy,prediction,overlap_mean,overlap_median,overlap_trimmed_mean
10,0.2323971132936237,0.826121963013635,0.8794973880821036,0.8754237228502976,0.8795013274385924
