k,noisy,prediction,overlap_mean,overlap_median,overlap_trimmed_mean
10,0.3160269587004137,0.8015554208121147,0.8436523434139019,0.8390283593322106,0.8429365786232015
