k,noisy,prediction,overlap_mean,overlap_median,overlap_trimmed_mean
10,0.5601903755427996,0.6654825796843759,0.6953322279203609,0.688119954804934,0.6926216090078816
