k,noisy,prediction,overlap_mean,overlap_median,overlap_trimmed_mean
10,0.3160347016341868,0.6871170010621109,0.7295251933806891,0.7233899652529019,0.7278029432595045
