k,noisy,prediction,overlap_mean,overlap_median,overlap_trimmed_mean
10,0.21044597538253268,0.7121965264382049,0.7698002468356979,0.7622313185211034,0.7686037234302676
