k,noisy,prediction,overlap_mean,overlap_median,overlap_trimmed_mean
10,0.49816225232592254,0.6853775275091866,0.7193133993874748,0.711973017970166,0.7167216284426066
