k,noisy,prediction,overlap_mean,overlap_median,overlap_trimmed_mean
10,0.3878003092028867,0.6856923138711449,0.7211114954608856,0.7131701193671766,0.7181061923582566
