k,noisy,prediction,overlap_mean,overlap_median,overlap_trimmed_mean
10,0.28442978188750695,0.7230238174293833,0.7656044977124238,0.7597824031393963,0.7642897108642013
