k,noisy,prediction,overlap_mean,overlap_median,overlap_trimmed_mean
10,0.33145160937715545,0.7487068848397874,0.7858182538735875,0.7808760041125226,0.7845895667518528
