k,noisy,prediction,overlap_mean,overlap_median,overlap_trimmed_mean
10,0.2966801952924332,0.7750518406593625,0.8177281041301716,0.8124679143537886,0.8167408909705746
