k,noisy,prediction,overlap_mean,overlap_median,overlap_trimmed_mean
10,0.38292980445078567,0.6342446145708327,0.6709420030553519,0.6624134906249564,0.6681303025942539
