k,noisy,prediction,overlap_mean,overlap_median,overlap_trimmed_mean
10,0.24384329397369447,0.8052426959752488,0.8465329985370829,0.8427995210526095,0.8461145405660206
