k,noisy,prediction,overlap_mean,overlap_median,overlap_trimmed_mean
10,0.3044095536041524,0.7859647885122185,0.8372125186768669,0.8317813809948911,0.836665464748196
