k,noisy,prediction,overlap_mean,overlap_median,overlap_trimmed_mean
10,0.3254054135039034,0.8020318367998969,0.8447359721817812,0.840264199356974,0.843981744793088
