k,noisy,prediction,overlap_mean,overlap_median,overlap_trimmed_mean
10,0.29589175066102874,0.7949777192387989,0.8372596521889841,0.8326167185801944,0.8365099241165213
