k,noisy,prediction,overlap_mean,overlap_median,overlap_trimmed_mean
10,0.4478731171935712,0.7194525032261847,0.761236966429892,0.7534603314019739,0.7596260735188698
