k,noisy,prediction,overlap_mean,overlap_median,overlap_trimmed_mean
10,0.32452955339614525,0.7181979975159013,0.7541887997566559,0.74810194430162,0.7527710820226503
