k,noisy,prediction,overlap_mean,overlap_median,overlap_trimmed_mean
10,0.23726987054982504,0.8077980385941866,0.8460855981857706,0.8417115636545116,0.8453544268648678
