k,noisy,prediction,overlap_mean,overlap_median,overlap_trimmed_mean
10,0.22438937065570042,0.822619279704735,0.8683376371861347,0.8645439679707544,0.8681636438317412
