k,noisy,prediction,overlap_mean,overlap_median,overlap_trimmed_mean
10,0.25752229485331735,0.8201108493114284,0.8635304044968273,0.8596947673193107,0.8633430904886394
