k,noisy,prediction,overlap_mean,overlap_median,overlap_trimmed_mean
10,0.24521964328104626,0.8148515642759402,0.8711905663132765,0.8670258345259534,0.8710710491009792
