k,noisy,prediction,overlap_mean,overlap_median,overlap_trimmed_mean
10,0.3046918362071297,0.7348779540624059,0.7796878341116363,0.7727934880045025,0.7778349711282229
