k,noisy,prediction,overlap_mean,overlap_median,overlap_trimmed_mean
10,0.5554448572457018,0.554624051963353,0.5862879707907334,0.574511107761052,0.5818281919425096
