k,noisy,prediction,overlap_mean,overlap_median,overlap_trimmed_mean
10,0.39161512555645545,0.7915169779441475,0.830741464455127,0.8264537160358606,0.829774587925059
