k,noisy,prediction,overlap_mean,overlap_median,overlap_trimmed_mean
10,0.1614638032356093,0.7122385180290646,0.7813054691149122,0.7874446799594187,0.781297806356101
