k,noisy,prediction,overlap_mean,overlap_median,overlap_trimmed_mean
10,0.40212444621215304,0.6266909458887822,0.6611067709040884,0.6550076165807085,0.6587635174712068
