k,noisy,prediction,overlap_mean,overlap_median,overlap_trimmed_mean
10,0.25044781958324563,0.7143521927599895,0.752637524978526,0.7470345178143496,0.75124177708701
