k,noisy,prediction,overlap_mean,overlap_median,overlap_trimmed_mean
10,0.4750384828957346,0.7570604276492495,0.7913345556937479,0.7873427162637724,0.7899644830369654
