k,noisy,prediction,overlap_mean,overlap_median,overlap_trimmed_mean
10,0.22792179634126966,0.8252672685245963,0.8778531205841449,0.8734849815740032,0.8777259203530842
