k,noisy,prediction,overlap_mean,overlap_median,overlap_trimmed_mean
10,0.35472940487527105,0.7907618040487623,0.82653793562806,0.8211344270923091,0.8252867902448909
