k,noisy,prediction,overlap_mean,overlap_median,overlap_trimmed_mean
10,0.46277258468082455,0.6854326718538533,0.7189879183678926,0.7117459204114694,0.7164284562487347
