k,noisy,prediction,overlap_mean,overlap_median,overlap_trimmed_mean
10,0.27400958757558513,0.8058366335002318,0.857882189954048,0.8525472736745968,0.8572584197295651
