k,noisy,prediction,overlap_mean,overlap_median,overlap_trimmed_mean
10,0.4007046953133193,0.737594304757898,0.7731978499328725,0.7736555102443616,0.7720878566959076
