k,noisy,prediction,overlap_mean,overlap_median,overlap_trimmed_mean
10,0.2378217124598204,0.7698571111414876,0.8174002611517587,0.8133947836902574,0.8171519578405764
