k,noisy,prediction,overlap_mean,overlap_median,overlap_trimmed_mean
10,0.2215420112640473,0.6797005238672817,0.7325459660862701,0.7253117488316703,0.73101553777677
