k,noisy,prediction,overlap_mean,overlap_median,overlap_trimmed_mean
10,0.4139906614271541,0.6567251619607568,0.6934793054584505,0.6853067653090638,0.690841409544387
