k,noisy,prediction,overlap_mean,overlap_median,overlap_trimmed_mean
10,0.3314648945820927,0.7694933109841336,0.816761627132678,0.8122583821021985,0.8158958904530244
