k,noisy,prediction,overlap_mean,overlap_median,overlap_trimmed_mean
10,0.2757606279315641,0.8098386274980396,0.8512931073979474,0.8510276041704565,0.850977369047585
