k,noisy,prediction,overlap_mean,overlap_median,overlap_trimmed_mean
10,0.38248349450881763,0.6704626826784315,0.710983710312682,0.7049392875511163,0.7091206658746279
