k,noisy,prediction,overlap_mean,overlap_median,overlap_trimmed_mean
10,0.4209818969472294,0.6567504706976922,0.6890513592446638,0.6808474405033684,0.6859254566731456
