k,noisy,prediction,overlap_mean,overlap_median,overlap_trimmed_mean
10,0.35741284317663397,0.8078878165115193,0.8464314782079184,0.8417321339346749,0.8455230085207829
