k,noisy,prediction,overlap_mean,overlap_median,overlap_trimmed_mean
10,0.35390212991896924,0.6676437155575092,0.7126987002674657,0.7044265845574367,0.7102215724773756
