k,noisy,prediction,overlap_mean,overlap_median,overlap_trimmed_mean
10,0.38088763364939543,0.7245326963883653,0.7618685118924119,0.756459805241821,0.760184582974745
