k,noisy,prediction,overlap_mean,overlap_median,overlap_trimmed_mean
10,0.31053573945513685,0.7451255505072247,0.7889720973255698,0.7834235137064747,0.7876845789665735
