k,noisy,prediction,overlap_mean,overlap_median,overlap_trimmed_mean
10,0.4050104841497948,0.6202286557771501,0.6554586462054947,0.6450191232162786,0.6520397360779562
