k,noisy,prediction,overlap_mean,overlap_median,overlap_trimmed_mean
10,0.24515358158797174,0.7035305810450119,0.7513377974234599,0.7455336816292759,0.7499568935660833
