k,noisy,prediction,overlap_mean,overlap_median,overlap_trimmed_mean
10,0.3124498021962495,0.7363404334147996,0.771610388842676,0.7673567431949077,0.7705430144443602
