k,noisy,prediction,overlap_mean,overlap_median,overlap_trimmed_mean
10,0.3329544293220126,0.7082880268012005,0.757516120952835,0.7501153975803576,0.7555288490758697
