k,noisy,prediction,overlap_mean,overlap_median,overlap_trimmed_mean
10,0.27841219437777165,0.8126832485530027,0.8573783274617088,0.8522021146795121,0.8567879112923639
