k,noisy,prediction,overlap_mean,overlap_median,overlap_trimmed_mean
10,0.25553202202130315,0.7512143654363982,0.807944068554008,0.8024818710185861,0.8069416353529879
