k,noisy,prediction,overlap_mean,overlap_median,overlap_trimmed_mean
10,0.2838074998046086,0.7631089491170959,0.812892153030319,0.8067270260278426,0.811631368731148
