k,noisy,prediction,overlap_mean,overlap_median,overlap_trimmed_mean
10,0.33924470340247925,0.6466034346958665,0.6938372214052306,0.6856498661413941,0.6912359854303605
