k,noisy,prediction,overlap_mean,overlap_median,overlap_trimmed_mean
10,0.21525686519292447,0.8183604657443617,0.8735078399481182,0.8695445585864514,0.873626828136629
