k,noisy,prediction,overlap_mean,overlap_median,overlap_trimmed_mean
10,0.32367067924682,0.6859350321969663,0.7370128469491543,0.7308543996006375,0.7348262483641029
