k,noisy,prediction,overlap_mean,overlap_median,overlap_trimmed_mean
10,0.4123290847492945,0.6132166259855928,0.6422038666253025,0.6332762657809498,0.6388018803981794
