k,noisy,prediction,overlap_mean,overlap_median,overlap_trimmed_mean
10,0.3893107187539634,0.6674039011926172,0.7031088698524859,0.6950363637741253,0.7000388479551656
