k,noisy,prediction,overlap_mean,overlap_median,overlap_trimmed_mean
10,0.35020613940415457,0.6940184225645684,0.7280866652120659,0.7212703952719455,0.7258219972671223
