k,noisy,prediction,overlap_mean,overlap_median,overlap_trimmed_mean
10,0.24495782107713934,0.8261361424810773,0.8744035295292799,0.8707713061441571,0.8742327854324958
