k,noisy,prediction,overlap_mean,overlap_median,overlap_trimmed_mean
10,0.37716456124102216,0.734730764149205,0.7668883653094913,0.762013672806183,0.7655521284011141
