k,noisy,prediction,overlap_mean,overlap_median,overlap_trimmed_mean
10,0.32473217365787155,0.6477648285193737,0.6867807287355037,0.6793543645720805,0.6842050537973134
