k,noisy,prediction,overlap_mean,overlap_median,overlap_trimmed_mean
10,0.29916200055951614,0.8118070191098037,0.8589982836830283,0.8546339459949951,0.8584967962583931
