k,noisy,prediction,overlap_mean,overlap_median,overlap_trimmed_mean
10,0.2127107226482069,0.8338439854311859,0.8830803934475091,0.8797777741405093,0.8832017654525561
