k,noisy,prediction,overlap_mean,overlap_median,overlap_trimmed_mean
10,0.2442710156282762,0.7250142045426909,0.7722835440791996,0.7664885843614796,0.7711199880917469
