k,noisy,prediction,overlap_mean,overlap_median,overlap_trimmed_mean
10,0.2736693219377898,0.8130078546581943,0.8663339853218853,0.8617529047431753,0.8659507048537367
