k,noisy,prediction,overlap_mean,overlap_median,overlap_trimmed_mean
10,0.27564169119744003,0.7549635763290574,0.7923755509631475,0.787269892245107,0.7910405705795761
