k,noisy,prediction,overlap_mean,overlap_median,overlap_trimmed_mean
10,0.3812696012904339,0.634988120010352,0.6631563590547045,0.6559920769308415,0.660534300458032
