k,noisy,prediction,overlap_mean,overlap_median,overlap_trimmed_mean
10,0.2967847393853282,0.7065032573222308,0.7550711201928156,0.7477713148256762,0.7532066092430839
