k,noisy,prediction,overlap_mean,overlap_median,overlap_trimmed_mean
10,0.25868156616157245,0.7484899102163799,0.7939285675973012,0.7883525321047552,0.7930247531779565
