k,noisy,prediction,overlap_mean,overlap_median,overlap_trimmed_mean
10,0.36624502408866916,0.8450611802526653,0.8853440420278057,0.8828229098403796,0.8851319113252014
