k,noisy,prediction,overlap_mean,overlap_median,overlap_trimmed_mean
10,0.6104210052999541,0.6778217655036318,0.7104543915029847,0.7008549570756095,0.7071523385095696
