k,noisy,prediction,overlap_mean,overlap_median,overlap_trimmed_mean
10,0.17268287428233764,0.7947008420564654,0.8613499192701091,0.8566198547226561,0.8615265934835779
