k,noisy,prediction,overlap_mean,overlap_median,overlap_trimmed_mean
10,0.26812247046291304,0.6958847514010131,0.7369625876267001,0.7298338719356001,0.73485528877162
