k,noisy,prediction,overlap_mean,overlap_median,overlap_trimmed_mean
10,0.2808138004726111,0.7931727347345282,0.8429499222676347,0.8379452641476104,0.842355225214953
