k,noisy,prediction,overlap_mean,overlap_median,overlap_trimmed_mean
10,0.2713617981284587,0.7359375665452972,0.7750253828907322,0.7704167241528401,0.7741216763029299
