k,noisy,prediction,overlap_mean,overlap_median,overlap_trimmed_mean
10,0.283488517572943,0.7685218296757659,0.8214806148950798,0.8154617500612843,0.8204819036626361
