k,noisy,prediction,overlap_mean,overlap_median,overlap_trimmed_mean
10,0.2939245905387337,0.7257268574686677,0.7692328490251319,0.7632217447056576,0.7679054579409237
