k,noisy,prediction,overlap_mean,overlap_median,overlap_trimmed_mean
10,0.20286562872228933,0.798450532210515,0.8643856659181456,0.859750952474228,0.8646620634915416
