k,noisy,prediction,overlap_mean,overlap_median,overlap_trimmed_mean
10,0.22628125455397613,0.7034280844047958,0.7443517349703357,0.737385183611739,0.7424603416223887
