k,noisy,prediction,overlap_mean,overlap_median,overlap_trimmed_mean
10,0.19384091392988806,0.8177254433966328,0.8608043106660063,0.8566021987599313,0.8605702432650791
