k,noisy,prediction,overlap_mean,overlap_median,overlap_trimmed_mean
10,0.20812452762406053,0.7998003547382595,0.8461203734715095,0.841558090431227,0.8454706508684968
