k,noisy,prediction,overlap_mean,overlap_median,overlap_trimmed_mean
10,0.30067610697783104,0.7205853907997287,0.7610342436456096,0.7551689983658207,0.7597077726821925
