k,noisy,prediction,overlap_mean,overlap_median,overlap_trimmed_mean
10,0.4161285455524429,0.649480581425516,0.6863273522849845,0.6789218207610457,0.6840707967007655
