k,noisy,prediction,overlap_mean,overlap_median,overlap_trimmed_mean
10,0.23758175695197337,0.8083928892723832,0.8592640926057635,0.8549542512972161,0.8590749994348266
