k,noisy,prediction,overlap_mean,overlap_median,overlap_trimmed_mean
10,0.23686617214139377,0.8249044648920828,0.8720489376210215,0.8678940235886653,0.8717062124351088
