k,noisy,prediction,overlap_mean,overlap_median,overlap_trimmed_mean
10,0.33453990652754095,0.7346777670229215,0.7778065976395999,0.7730394313348768,0.7767750816436526
