k,noisy,prediction,overlap_mean,overlap_median,overlap_trimmed_mean
10,0.22502242499962716,0.8078570261995425,0.8505657002459325,0.8466041846731763,0.8501359345634787
