k,noisy,prediction,overlap_mean,overlap_median,overlap_trimmed_mean
10,0.3843285122505501,0.630233561711837,0.6686084720373624,0.6601512535438181,0.6655556382109477
