k,noisy,prediction,overlap_mean,overlap_median,overlap_trimmed_mean
10,0.21629694630648758,0.8378357627444195,0.8865885888320869,0.8829610694106681,0.8866009211887454
