k,noisy,prediction,overlap_mean,overlap_median,overlap_trimmed_mean
10,0.2759082386585986,0.8251530988001815,0.8627804258101867,0.8590606312680323,0.862245794534461
