k,noisy,prediction,overlap_mean,overlap_median,overlap_trimmed_mean
10,0.23415095565313696,0.827923181441956,0.8798257540683924,0.8755485470192733,0.8797949077358987
