k,noisy,prediction,overlap_mean,overlap_median,overlap_trimmed_mean
10,0.25213570979027755,0.788830561546,0.8306058571943227,0.8255644126095926,0.8297160403282471
