k,noisy,prediction,overlap_mean,overlap_median,overlap_trimmed_mean
10,0.34535418373368976,0.7102671592168662,0.7466213706133561,0.7400221990877134,0.7447773347891946
