k,noisy,prediction,overlap_mean,overlap_median,overlap_trimmed_mean
10,0.21174572713284057,0.7730521139557003,0.8126919442872911,0.8073692620618746,0.8115056846358831
