k,noisy,prediction,overlap_mean,overlap_median,overlap_trimmed_mean
10,0.40505372883145485,0.766085296956227,0.8164123671686341,0.8102397897937782,0.8148457439281608
