k,noisy,prediction,overlap_mean,overlap_median,overlap_trimmed_mean
10,0.31179474205173957,0.7129815139420204,0.7484717632524455,0.7433710234454296,0.7472037555722637
