k,noisy,prediction,overlap_mean,overlap_median,overlap_trimmed_mean
10,0.24652872738096224,0.8302410581927548,0.8823686695979812,0.8781924597731552,0.8824331848748594
