k,noisy,prediction,overlap_mean,overlap_median,overlap_trimmed_mean
10,20.151791803786132,-175.00625226516317,-175.00625205321688,-175.00625359856753,-175.00625205749833
