k,noisy,prediction,overlap_mean,overlap_median,overlap_trimmed_mean
10,20.149720448558632,-175.87281442076392,-175.8728144549772,-175.87281707531017,-175.87281444956085
