k,noisy,prediction,overlap_mean,overlap_median,overlap_trimmed_mean
10,20.187794414524912,-175.73558136014609,-175.73558138313427,-175.7355836387943,-175.73558138822114
