k,noisy,prediction,overlap_mean,overlap_median,overlap_trimmed_mean
10,20.173128640903254,-176.6259369032776,-176.6259371963258,-176.62593974980996,-176.62593721211402
