k,noisy,prediction,overlap_mean,overlap_median,overlap_trimmed_mean
10,20.15032423318275,-176.2595561869203,-176.25955639853657,-176.25955801892843,-176.25955639633668
