k,noisy,prediction,overlap_mean,overlap_median,overlap_trimmed_mean
10,20.162467797567167,-175.56960295356464,-175.5696030420525,-175.56960516362983,-175.56960304190716
