k,noisy,prediction,overlap_mean,overlap_median,overlap_trimmed_mean
10,20.21080170370858,-177.44689779505217,-177.44689763324845,-177.44690021520051,-177.44689762882524
