k,noisy,prediction,overlap_mean,overlap_median,overlap_trimmed_mean
10,20.137741735960528,-178.54387703293054,-178.54387691375462,-178.54387910100303,-178.5438769373976
