k,noisy,prediction,overlap_mean,overlap_median,overlap_trimmed_mean
10,20.16711809267577,-176.30285718919598,-176.30285721504828,-176.30285938468901,-176.30285721885247
