k,noisy,prediction,overlap_mean,overlap_median,overlap_trimmed_mean
10,20.180292055890007,-175.66519578494538,-175.66519586018808,-175.66519790095722,-175.66519585781128
