k,noisy,prediction,overlap_mean,overlap_median,overlap_trimmed_mean
10,0.2779327107249908,1.7028394517770939e-19,1.6983230839645212e-19,1.651234055526944e-19,1.6984114130649012e-19
