k,noisy,prediction,overlap_mean,overlap_median,overlap_trimmed_mean
10,0.5035504461595288,2.9822430330067193e-19,4.545926969344655e-19,3.1323670055185125e-19,4.535359761570296e-19
