k,noisy,prediction,overlap_mean,overlap_median,overlap_trimmed_mean
10,0.38088763364939543,7.035523723205535e-19,7.027533884653096e-19,6.547982332252995e-19,7.027554319923466e-19
