k,noisy,prediction,overlap_mean,overlap_median,overlap_trimmed_mean
10,0.30292231302704864,-1.6231646771754386e-19,-1.546622536101294e-19,-2.1344236532613198e-19,-1.5466979121433646e-19
