k,noisy,prediction,overlap_mean,overlap_median,overlap_trimmed_mean
10,0.44381839661094724,1.0211112868492298e-18,1.0182102152568223e-18,9.834408725777084e-19,1.0183061237830781e-18
