k,noisy,prediction,overlap_mean,overlap_median,overlap_trimmed_mean
10,0.3503845499022525,9.226452219825377e-19,9.22147454765224e-19,9.1498968764605e-19,9.221671955213221e-19
