k,noisy,prediction,overlap_mean,overlap_median,overlap_trimmed_mean
10,0.21538756891822805,5.2174294935484545e-20,5.476575833244163e-20,5.214403831505727e-20,5.474853828258273e-20
