k,noisy,prediction,overlap_mean,overlap_median,overlap_trimmed_mean
10,0.1680823623588159,-3.367108032044265e-20,-2.894517803658801e-20,-3.929433807165063e-20,-2.894021318070775e-20
