k,noisy,prediction,overlap_mean,overlap_median,overlap_trimmed_mean
10,0.3206722177383773,3.4597121581017273e-19,3.6455346854417207e-19,3.300502857584704e-19,3.6444722417101836e-19
