k,noisy,prediction,overlap_mean,overlap_median,overlap_trimmed_mean
10,0.24308397829418757,1.4173706576335395e-19,1.4228682639355025e-19,1.394563373553557e-19,1.4228061489136017e-19
