k,noisy,prediction,overlap_mean,overlap_median,overlap_trimmed_mean
10,20.137741735960528,8.406824582814924,8.579564746508467,8.475246461407284,8.579564746895016
