k,noisy,prediction,overlap_mean,overlap_median,overlap_trimmed_mean
10,20.21080170370858,9.764874782188059,10.015291538176962,9.878922435022481,10.015291549785672
