k,noisy,prediction,overlap_mean,overlap_median,overlap_trimmed_mean
10,20.180292055890007,12.368082426159042,12.843438378892865,12.686338986171467,12.843438391933809
