k,noisy,prediction,overlap_mean,overlap_median,overlap_trimmed_mean
10,20.187794414524912,12.266340994465372,12.731276404844474,12.569152470428014,12.73127639777157
