k,noisy,prediction,overlap_mean,overlap_median,overlap_trimmed_mean
10,20.162467797567167,12.590474775066042,13.1014749656768,12.940469056366597,13.101474963601357
