k,noisy,prediction,overlap_mean,overlap_median,overlap_trimmed_mean
10,20.149720448558632,12.077456218689859,12.529572557734145,12.35666214918399,12.529572576071493
