k,noisy,prediction,overlap_mean,overlap_median,overlap_trimmed_mean
10,20.151791803786132,13.577285879181444,14.271566335936864,14.11517261070626,14.271566349008175
