k,noisy,prediction,overlap_mean,overlap_median,overlap_trimmed_mean
10,20.16711809267577,11.495589580100937,11.90439081488148,11.758303108948756,11.904390819881607
