k,noisy,prediction,overlap_mean,overlap_median,overlap_trimmed_mean
10,20.15032423318275,11.48474896507797,11.834237466937573,11.722485704165031,11.834237463139397
