k,noisy,prediction,overlap_mean,overlap_median,overlap_trimmed_mean
10,20.173128640903254,10.924217597265715,11.233094939225179,11.080278107087686,11.233094940727984
