k,noisy,prediction,overlap_mean,overlap_median,overlap_trimmed_mean
10,0.21538756891822805,0.04287277776766736,0.05068726622816236,0.049886454254000755,0.05068726625617129
