k,noisy,prediction,overlap_mean,overlap_median,overlap_trimmed_mean
10,0.38088763364939543,0.0639035410573415,0.0672547043447114,0.06678703757513751,0.06725470477514588
