k,noisy,prediction,overlap_mean,overlap_median,overlap_trimmed_mean
10,0.3206722177383773,0.06963201641179381,0.07569780434063623,0.07508536163208446,0.07569780436026817
