k,noisy,prediction,overlap_mean,overlap_median,overlap_trimmed_mean
10,0.3503845499022525,0.07978312821166887,0.08263940099872652,0.08215844801113803,0.08263940136420615
