k,noisy,prediction,overlap_mean,overlap_median,overlap_trimmed_mean
10,0.2779327107249908,0.07481936036381544,0.08307375303881738,0.08240541515074859,0.08307375302456035
