k,noisy,prediction,overlap_mean,overlap_median,overlap_trimmed_mean
10,0.24308397829418757,0.054511501003875536,0.06299811341163662,0.061863131639480796,0.06299811335891543
