k,noisy,prediction,overlap_mean,overlap_median,overlap_trimmed_mean
10,0.5035504461595288,0.11989558883349173,0.12772151856413225,0.12717920423921847,0.12772151815487126
