k,noisy,prediction,overlap_mean,overlap_median,overlap_trimmed_mean
10,0.1680823623588159,0.03466372911086937,0.040949980887035456,0.04000755102979159,0.04094998092315539
