k,noisy,prediction,overlap_mean,overlap_median,overlap_trimmed_mean
10,0.44381839661094724,0.05932701201949776,0.06103597958225976,0.06154015002775087,0.06103597932974303
