k,noisy,prediction,overlap_mean,overlap_median,overlap_trimmed_mean
10,0.30292231302704864,0.09691150933791683,0.10491952201024443,0.10394086276149354,0.10491952205564475
