k,noisy,prediction,overlap_mean,overlap_median,overlap_trimmed_mean
10,28.139092229330764,7.203487695496527,7.245558916298224,7.196556863579905,7.244747352627763
