k,noisy,prediction,overlap_mean,overlap_median,overlap_trimmed_mean
10,28.083802748059362,8.203869154577108,8.269691726757339,8.213936738376894,8.269391887281213
