k,noisy,prediction,overlap_mean,overlap_median,overlap_trimmed_mean
10,28.123271212900466,11.138265474448996,11.244601972309269,11.155707669969113,11.243689997337354
