k,noisy,prediction,overlap_mean,overlap_median,overlap_trimmed_mean
10,28.11838078948337,9.955442711927997,10.035058595141855,9.97022021071807,10.03394356317549
