k,noisy,prediction,overlap_mean,overlap_median,overlap_trimmed_mean
10,28.16171230428633,11.608929586173407,11.717655589292002,11.629263196328539,11.717392320959366
