k,noisy,prediction,overlap_mean,overlap_median,overlap_trimmed_mean
10,28.09373754067796,9.236696070805904,9.290912127230161,9.227245285599807,9.290131430270446
