k,noisy,prediction,overlap_mean,overlap_median,overlap_trimmed_mean
10,28.147405308254342,9.138556973171816,9.20034648118244,9.135923084983633,9.200260328773034
