k,noisy,prediction,overlap_mean,overlap_median,overlap_trimmed_mean
10,28.108520621999382,9.412799303355659,9.49453483615925,9.426480990899314,9.494489854811759
