k,noisy,prediction,overlap_mean,overlap_median,overlap_trimmed_mean
10,28.108359201974437,10.338442903056013,10.435543888342039,10.369875834669738,10.434777550108116
