k,noisy,prediction,overlap_mean,overlap_median,overlap_trimmed_mean
10,28.13887968132927,6.253160202812367,6.297154601698586,6.249587824198257,6.2977658541697
