k,noisy,prediction,overlap_mean,overlap_median,overlap_trimmed_mean
10,28.07104944772977,6.824129572121129,6.870203267742461,6.8192487226032465,6.870278787718487
