k,noisy,prediction,overlap_mean,overlap_median,overlap_trimmed_mean
10,28.12519696226805,8.930784492262964,8.98822126614612,8.915619771738724,8.987315378241478
