k,noisy,prediction,overlap_mean,overlap_median,overlap_trimmed_mean
10,28.148451487167982,6.865983160003451,6.896106284171337,6.84910188071737,6.896378938265679
