k,noisy,prediction,overlap_mean,overlap_median,overlap_trimmed_mean
10,28.09917602606567,5.126736344880857,5.148205734058237,5.091521469705372,5.146935967205043
