k,noisy,prediction,overlap_mean,overlap_median,overlap_trimmed_mean
10,28.13497201248361,8.967040521775797,9.026170703231326,8.95531755307428,9.024687867027877
