k,noisy,prediction,overlap_mean,overlap_median,overlap_trimmed_mean
10,28.16129924519345,8.545352559106828,8.615003717967063,8.549891254815277,8.614687451723313
