k,noisy,prediction,overlap_mean,overlap_median,overlap_trimmed_mean
10,28.141386638785804,8.349815630414835,8.399965411232662,8.344927505166865,8.39969412773442
