k,noisy,prediction,overlap_mean,overlap_median,overlap_trimmed_mean
10,28.13034140128761,6.869076145108703,6.910269124078327,6.860219793622861,6.909921295970677
