k,noisy,prediction,overlap_mean,overlap_median,overlap_trimmed_mean
10,28.144473204641514,9.38285555734941,9.441062915288377,9.374290773396126,9.43953476488008
