k,noisy,prediction,overlap_mean,overlap_median,overlap_trimmed_mean
10,28.12723054098756,6.78587899293124,6.827536084411594,6.773811113016986,6.827459537338802
