k,noisy,prediction,overlap_mean,overlap_median,overlap_trimmed_mean
10,28.08695865480068,9.66538303085225,9.746766553395235,9.665967098772715,9.746291247506088
