k,noisy,prediction,overlap_mean,overlap_median,overlap_trimmed_mean
10,28.146594587965666,8.04471797402807,8.091065073116297,8.038990958452752,8.091185309942624
