k,noisy,prediction,overlap_mean,overlap_median,overlap_trimmed_mean
10,28.13144142697474,9.603767411140675,9.674369818674757,9.611609327696991,9.674649746072442
