k,noisy,prediction,overlap_mean,overlap_median,overlap_trimmed_mean
10,28.09654190940128,8.645249208529924,8.701282563806696,8.62868269466725,8.700506175032862
