k,noisy,prediction,overlap_mean,overlap_median,overlap_trimmed_mean
10,28.13198426508127,10.02877965418135,10.1146819871797,10.027174933030597,10.112928610479203
