k,noisy,prediction,overlap_mean,overlap_median,overlap_trimmed_mean
10,28.132941972645668,9.774819391422007,9.847832562329355,9.759969763715741,9.84780461212171
