k,noisy,prediction,overlap_mean,overlap_median,overlap_trimmed_mean
10,28.159989280954527,9.594569797504192,9.674652281282327,9.617090207802368,9.673744542973022
