k,noisy,prediction,overlap_mean,overlap_median,overlap_trimmed_mean
10,28.15874024593478,10.236234762260839,10.314042259502889,10.242088067126653,10.313913246171126
