k,noisy,prediction,overlap_mean,overlap_median,overlap_trimmed_mean
10,28.10441348797534,9.802121742560097,9.880922749946173,9.815663218419612,9.880288735671536
