k,noisy,prediction,overlap_mean,overlap_median,overlap_trimmed_mean
10,28.13736017493,7.170685021614566,7.201479206272918,7.1418128073288445,7.201172400176988
