k,noisy,prediction,overlap_mean,overlap_median,overlap_trimmed_mean
10,28.15512188391555,8.74927921583604,8.812125575223465,8.746921777416048,8.811828873753713
