k,noisy,prediction,overlap_mean,overlap_median,overlap_trimmed_mean
10,28.122356749887416,8.595151540705379,8.658692003112645,8.592463826397225,8.658032507998016
