k,noisy,prediction,overlap_mean,overlap_median,overlap_trimmed_mean
10,28.13030008576852,7.280434379553186,7.322130581865524,7.275589147960421,7.321462552017618
