k,noisy,prediction,overlap_mean,overlap_median,overlap_trimmed_mean
10,28.13025208533674,7.15860702484097,7.195022588180572,7.129206459007148,7.194535666930571
