k,noisy,prediction,overlap_mean,overlap_median,overlap_trimmed_mean
10,28.121601775987667,11.132540737740959,11.285193457323023,11.212739491504824,11.284077072073346
