k,noisy,prediction,overlap_mean,overlap_median,overlap_trimmed_mean
10,28.136066337876485,4.02515575353335,4.044791248400613,4.000279309174283,4.044655889022115
