k,noisy,prediction,overlap_mean,overlap_median,overlap_trimmed_mean
10,28.108467060766372,7.5860197814684565,7.645780465475341,7.581541040706423,7.644678563789515
