k,noisy,prediction,overlap_mean,overlap_median,overlap_trimmed_mean
10,28.149724359371163,6.671997814224473,6.704089808823101,6.650794302844689,6.703948920336973
