k,noisy,prediction,overlap_mean,overlap_median,overlap_trimmed_mean
10,28.127831386671968,8.104365589404289,8.1594333275359,8.102694512361778,8.15908939551726
