k,noisy,prediction,overlap_mean,overlap_median,overlap_trimmed_mean
10,28.080394527632073,7.038790902707023,7.0762658647540375,7.027966233065028,7.075322567198228
