k,noisy,prediction,overlap_mean,overlap_median,overlap_trimmed_mean
10,28.16110256124622,8.236065516229372,8.29252310797581,8.221512638156913,8.292358834576438
