k,noisy,prediction,overlap_mean,overlap_median,overlap_trimmed_mean
10,28.07196186319026,7.2270171639703715,7.265669527476608,7.22483132209248,7.265907099488897
