k,noisy,prediction,overlap_mean,overlap_median,overlap_trimmed_mean
10,28.129650922849592,5.2655513901595805,5.2971185228158015,5.246218687793976,5.296324914551671
