k,noisy,prediction,overlap_mean,overlap_median,overlap_trimmed_mean
10,28.130168487801658,9.321919373809147,9.393404570029132,9.31752450469707,9.392334776402272
