k,noisy,prediction,overlap_mean,overlap_median,overlap_trimmed_mean
10,28.121267971007917,7.933911039331079,7.982651869599414,7.9288682292563815,7.982495195895888
