k,noisy,prediction,overlap_mean,overlap_median,overlap_trimmed_mean
10,28.135540629163934,8.160066777405966,8.214008961029853,8.142870731208564,8.213639715178834
