k,noisy,prediction,overlap_mean,overlap_median,overlap_trimmed_mean
10,28.1305807343084,8.631190649366589,8.69833562451493,8.633154173287183,8.697759022761545
