k,noisy,prediction,overlap_mean,overlap_median,overlap_trimmed_mean
10,28.109124406623508,7.421678892106814,7.453767763017555,7.3998620261793135,7.4535437964913545
