k,noisy,prediction,overlap_mean,overlap_median,overlap_trimmed_mean
10,28.104301054779818,6.7894610681498415,6.830252471344112,6.775322492089564,6.830305435475318
