k,noisy,prediction,overlap_mean,overlap_median,overlap_trimmed_mean
10,28.12893335163613,9.037171129447202,9.100927418452338,9.038787340205417,9.100974585490501
