k,noisy,prediction,overlap_mean,overlap_median,overlap_trimmed_mean
10,28.128639696873215,12.237984442928147,12.39008754408218,12.316779660185645,12.388471311753266
