k,noisy,prediction,overlap_mean,overlap_median,overlap_trimmed_mean
10,28.148656275585196,9.759054738079325,9.849055154989992,9.77348630026673,9.848363608489644
