k,noisy,prediction,overlap_mean,overlap_median,overlap_trimmed_mean
10,28.131196258178374,6.823777652192199,6.863579641762167,6.810289394600618,6.8627888811663915
