k,noisy,prediction,overlap_mean,overlap_median,overlap_trimmed_mean
10,28.14662527062246,6.703667427666953,6.7378760568381315,6.694143410695239,6.738340603852811
