k,noisy,prediction,overlap_mean,overlap_median,overlap_trimmed_mean
10,28.15338188349701,8.112006802808011,8.169603406089589,8.11092850125174,8.168552561417222
