k,noisy,prediction,overlap_mean,overlap_median,overlap_trimmed_mean
10,28.102725805316474,9.310354241392139,9.382900495487792,9.31840255146303,9.38232964199183
