k,noisy,prediction,overlap_mean,overlap_median,overlap_trimmed_mean
10,28.171473720767082,11.217418945600908,11.332707562343424,11.236744725352958,11.331871710838591
