k,noisy,prediction,overlap_mean,overlap_median,overlap_trimmed_mean
10,28.10051960710892,5.078871083329729,5.109431440752633,5.061590141433207,5.108964140210208
