k,noisy,prediction,overlap_mean,overlap_median,overlap_trimmed_mean
10,28.151392366100648,6.265893911558984,6.308357370595253,6.26340500669362,6.307756896072734
