k,noisy,prediction,overlap_mean,overlap_median,overlap_trimmed_mean
10,28.114888868227116,7.323542962558661,7.367691228812002,7.31376484942651,7.367273919045973
