k,noisy,prediction,overlap_mean,overlap_median,overlap_trimmed_mean
10,28.167116143617605,9.402618050400328,9.490595220492517,9.421937055781806,9.489197731679546
