k,noisy,prediction,overlap_mean,overlap_median,overlap_trimmed_mean
10,28.146223423589724,8.908759116097466,8.969111859131813,8.896744918029508,8.96876596011739
