k,noisy,prediction,overlap_mean,overlap_median,overlap_trimmed_mean
10,28.13332968397996,8.587150729818486,8.652872931811876,8.598540726236424,8.653274598832606
