k,noisy,prediction,overlap_mean,overlap_median,overlap_trimmed_mean
10,28.13967699421557,9.337138057952993,9.418209264917456,9.347178351236552,9.418307092230497
