k,noisy,prediction,overlap_mean,overlap_median,overlap_trimmed_mean
10,28.098534168108458,9.43853466671763,9.51570147802486,9.449962413424771,9.514270843379682
