k,noisy,prediction,overlap_mean,overlap_median,overlap_trimmed_mean
10,28.10313562647274,11.733330534316146,11.882885197107537,11.804660807238175,11.881641432606456
