k,noisy,prediction,overlap_mean,overlap_median,overlap_trimmed_mean
10,28.091383623494472,9.954117008137626,10.040845860766726,9.967443714524967,10.039705105542403
