k,noisy,prediction,overlap_mean,overlap_median,overlap_trimmed_mean
10,28.161421316945,7.698550746865447,7.726527854801927,7.683383697589777,7.7262319302718305
