k,noisy,prediction,overlap_mean,overlap_median,overlap_trimmed_mean
10,28.112821220112924,11.243127983797498,11.359618839823371,11.255622115279099,11.3582581121652
