k,noisy,prediction,overlap_mean,overlap_median,overlap_trimmed_mean
10,28.110591977226882,13.961255399289296,14.190757289740477,14.055604533994279,14.187743820959524
