k,noisy,prediction,overlap_mean,overlap_median,overlap_trimmed_mean
10,28.14133074711041,9.214571647534807,9.284342465173156,9.23035219270175,9.284361146695908
