k,noisy,prediction,overlap_mean,overlap_median,overlap_trimmed_mean
10,28.13924452333735,7.023438768721554,7.065565210459841,7.00333647460136,7.065195596682448
