k,noisy,prediction,overlap_mean,overlap_median,overlap_trimmed_mean
10,28.151184777665055,7.384738377727979,7.425082468743957,7.369501911022299,7.424263482795794
