k,noisy,prediction,overlap_mean,overlap_median,overlap_trimmed_mean
10,28.141381121498533,10.200830188817985,10.280570044171826,10.206902786791709,10.280226639902335
