k,noisy,prediction,overlap_mean,overlap_median,overlap_trimmed_mean
10,28.165438286647397,10.356307818866133,10.443887346692462,10.363244686769303,10.443443114291291
