k,noisy,prediction,overlap_mean,overlap_median,overlap_trimmed_mean
10,28.10313236184783,5.656639187580747,5.685941618165621,5.635260971726403,5.685800175700598
