k,noisy,prediction,overlap_mean,overlap_median,overlap_trimmed_mean
10,28.131071104416662,9.01286179051911,9.064356267867886,9.000173160074805,9.06396944932052
