k,noisy,prediction,overlap_mean,overlap_median,overlap_trimmed_mean
10,28.127724509212477,11.227168700913758,11.34722513299244,11.262154493394206,11.345346211868062
