k,noisy,prediction,overlap_mean,overlap_median,overlap_trimmed_mean
10,28.148191254005255,8.690427107695712,8.74078434118703,8.68236156191503,8.740401449591603
