k,noisy,prediction,overlap_mean,overlap_median,overlap_trimmed_mean
10,28.159588514610906,6.700151947576998,6.743399667696119,6.680027729568774,6.743272752719877
