k,noisy,prediction,overlap_mean,overlap_median,overlap_trimmed_mean
10,28.132943181359735,10.689143576109533,10.796356071070289,10.705267358391833,10.79631033387596
