k,noisy,prediction,overlap_mean,overlap_median,overlap_trimmed_mean
10,28.155666790586288,6.681786820059169,6.738016332493361,6.685188924484055,6.737597474298715
