k,noisy,prediction,overlap_mean,overlap_median,overlap_trimmed_mean
10,28.162764252155718,7.883586294078477,7.931741396591741,7.875553296906157,7.931367549975445
