k,noisy,prediction,overlap_mean,overlap_median,overlap_trimmed_mean
10,28.12534261723949,7.816691064196904,7.881255822065274,7.829598864086144,7.880674221304476
