k,noisy,prediction,overlap_mean,overlap_median,overlap_trimmed_mean
10,28.130714827547774,7.969556084727863,8.020063724215456,7.960275026699838,8.019522854782956
