k,noisy,prediction,overlap_mean,overlap_median,overlap_trimmed_mean
10,28.121418924212428,6.424185185767922,6.460765908743853,6.416431921468254,6.460073028401006
