k,noisy,prediction,overlap_mean,overlap_median,overlap_trimmed_mean
10,28.107397241078864,6.216678758572742,6.2579667307407005,6.205941918723914,6.256928676026812
