k,noisy,prediction,overlap_mean,overlap_median,overlap_trimmed_mean
10,28.144248106437445,5.884095886503868,5.9221590751535125,5.878014912669396,5.9213769902786755
