k,noisy,prediction,overlap_mean,overlap_median,overlap_trimmed_mean
10,28.153730950962718,10.16515429011277,10.25463906637041,10.171891141367187,10.25340842777846
