k,noisy,prediction,overlap_mean,overlap_median,overlap_trimmed_mean
10,28.112963994865773,8.187283535122056,8.253573602762327,8.195831417838917,8.25300887267364
