k,noisy,prediction,overlap_mean,overlap_median,overlap_trimmed_mean
10,28.13185686637135,7.715825426609171,7.75268263990982,7.703541244116049,7.752214666072062
