k,noisy,prediction,overlap_mean,overlap_median,overlap_trimmed_mean
10,28.136820505168693,10.753892522377274,10.848889444475763,10.76366862246699,10.8479646801604
