k,noisy,prediction,overlap_mean,overlap_median,overlap_trimmed_mean
10,28.169601877149333,11.32478984844996,11.441938263945817,11.35040724941935,11.441128019018903
