k,noisy,prediction,overlap_mean,overlap_median,overlap_trimmed_mean
10,28.10296927490231,10.952693072841274,11.06829357149503,10.98277541036486,11.066210615927439
