k,noisy,prediction,overlap_mean,overlap_median,overlap_trimmed_mean
10,28.144207372349918,9.459025897360021,9.519814696692597,9.453725271382776,9.520344150056687
