k,noisy,prediction,overlap_mean,overlap_median,overlap_trimmed_mean
10,28.13363646061019,9.398052895915905,9.478447414745126,9.417952759273117,9.478725508764686
