k,noisy,prediction,overlap_mean,overlap_median,overlap_trimmed_mean
10,28.177523856542628,7.316543774139931,7.369246185751816,7.304749856934207,7.369212209612822
