k,noisy,prediction,overlap_mean,overlap_median,overlap_trimmed_mean
10,28.131928814344008,9.092385531903238,9.149193966828172,9.081955912791901,9.148531558071683
