k,noisy,prediction,overlap_mean,overlap_median,overlap_trimmed_mean
10,28.115764825574637,9.985744890272464,10.053568485229771,9.97734134970587,10.05347530673089
