k,noisy,prediction,overlap_mean,overlap_median,overlap_trimmed_mean
10,28.171321235759287,11.721008547795229,11.862730521719143,11.757833973155645,11.860948298377881
