k,noisy,prediction,overlap_mean,overlap_median,overlap_trimmed_mean
10,28.125358212146306,11.477834859781769,11.597901838290937,11.509751366889915,11.597003667816647
