k,noisy,prediction,overlap_mean,overlap_median,overlap_trimmed_mean
10,0.58198947549632,0.05883162960492194,0.0630603999390232,0.06245179348468709,0.06312403676448428
