k,noisy,prediction,overlap_mean,overlap_median,overlap_trimmed_mean
10,0.7452538193970756,-0.16499679985234517,-0.17214571158238332,-0.17027479093509212,-0.17211155429329372
