k,noisy,prediction,overlap_mean,overlap_median,overlap_trimmed_mean
10,0.7596878366479056,-0.16325989575130587,-0.17219198483853765,-0.17091521358531478,-0.17207544721738904
