k,noisy,prediction,overlap_mean,overlap_median,overlap_trimmed_mean
10,0.8158170139402676,-0.223550362481461,-0.233325464250568,-0.23212304478973622,-0.23324885200653944
