k,noisy,prediction,overlap_mean,overlap_median,overlap_trimmed_mean
10,0.7372619602539012,-0.11608263384462707,-0.1232678879404647,-0.12170506056703027,-0.12319995167775503
