k,noisy,prediction,overlap_mean,overlap_median,overlap_trimmed_mean
10,0.6440758607369513,-0.033141572028967094,-0.03628747295738449,-0.03638047122497108,-0.0363205998592126
