k,noisy,prediction,overlap_mean,overlap_median,overlap_trimmed_mean
10,0.6465092736232683,-0.010382020614734831,-0.009522293778965202,-0.00983883983558481,-0.009525606814586134
