k,noisy,prediction,overlap_mean,overlap_median,overlap_trimmed_mean
10,0.5520753106176002,0.05793976363174027,0.06298024435332313,0.06237708483875979,0.06295951261991901
