k,noisy,prediction,overlap_mean,overlap_median,overlap_trimmed_mean
10,0.7440378327825778,-0.15184030441372734,-0.16024142486846202,-0.1589686465649193,-0.16018094754036594
