k,noisy,prediction,overlap_mean,overlap_median,overlap_trimmed_mean
10,0.7618120325054476,-0.15442775191486321,-0.16249598763306985,-0.1586675809209239,-0.16241903855940432
