k,noisy,prediction,overlap_mean,overlap_median,overlap_trimmed_mean
10,0.614463879574889,0.04295016003060722,0.0450064669422463,0.04481621070730777,0.044984550879629354
