k,noisy,prediction,overlap_mean,overlap_median,overlap_trimmed_mean
10,0.696446879084178,-0.030562733484369588,-0.03341946594537247,-0.033129368384867026,-0.033430123360708885
