k,noisy,prediction,overlap_mean,overlap_median,overlap_trimmed_mean
10,0.7189423734433437,-0.06838244174598734,-0.07437399951645536,-0.07386897492154741,-0.07435661176896631
