k,noisy,prediction,overlap_mean,overlap_median,overlap_trimmed_mean
10,0.6290271939015003,-0.06424369300316905,-0.06874144090562544,-0.06803956947527263,-0.06869625311034415
