k,noisy,prediction,overlap_mean,overlap_median,overlap_trimmed_mean
10,0.7167532969464965,0.004403428913118671,0.002126159827044801,0.002672969738891514,0.0021402140693519084
