k,noisy,prediction,overlap_mean,overlap_median,overlap_trimmed_mean
10,0.5939856967611252,0.05884876299399057,0.06410809156635028,0.06305344031580058,0.06402647170519538
