k,noisy,prediction,overlap_mean,overlap_median,overlap_trimmed_mean
10,0.6784817462430617,0.009023935892741905,0.00989257592166062,0.009876325856790158,0.009879660441343453
