k,noisy,prediction,overlap_mean,overlap_median,overlap_trimmed_mean
10,0.620217002548955,0.030709796883496437,0.03396088566149337,0.0336848997416508,0.03397844992736696
