k,noisy,prediction,overlap_mean,overlap_median,overlap_trimmed_mean
10,0.7551020517835229,-0.16505176753491546,-0.17463210553705694,-0.17302050740884542,-0.1745625338482612
