k,noisy,prediction,overlap_mean,overlap_median,overlap_trimmed_mean
10,0.5654164969656523,0.029517593469047018,0.03427848531511192,0.033771411052724465,0.034284801163624
