k,noisy,prediction,overlap_mean,overlap_median,overlap_trimmed_mean
10,0.6308752924866377,-0.12920097210914216,-0.1334842795887608,-0.13273509887027354,-0.1334618665861807
