k,noisy,prediction,overlap_mean,overlap_median,overlap_trimmed_mean
10,0.7547908395942062,-0.13984154525851414,-0.14889374280049028,-0.14744922371635322,-0.14883261773365236
