k,noisy,prediction,overlap_mean,overlap_median,overlap_trimmed_mean
10,0.7696847033605818,-0.205626831137745,-0.2161094021027031,-0.2135166255323197,-0.21606615220055206
