k,noisy,prediction,overlap_mean,overlap_median,overlap_trimmed_mean
10,0.64959963928056,-0.025935891990175028,-0.02795153437777045,-0.02773633994968162,-0.027963362052705613
