k,noisy,prediction,overlap_mean,overlap_median,overlap_trimmed_mean
10,0.7754377181689318,-0.18838616027751695,-0.1980130544518048,-0.19632688907250592,-0.19798424917938964
