k,noisy,prediction,overlap_mean,overlap_median,overlap_trimmed_mean
10,0.5377041617766963,0.024182073785325293,0.026046369973722238,0.02579423899372702,0.02604757471928593
