k,noisy,prediction,overlap_mean,overlap_median,overlap_trimmed_mean
10,0.6075418480572761,0.04804378686748084,0.04975327008915381,0.04907985433599419,0.049798358403587
