k,noisy,prediction,overlap_mean,overlap_median,overlap_trimmed_mean
10,0.6997319541060164,0.010189823170862236,0.009889788934050382,0.009202115668781288,0.00988488514567162
