k,noisy,prediction,overlap_mean,overlap_median,overlap_trimmed_mean
10,0.7757391118246446,-0.0019088988944114672,-0.003921158892712891,-0.0028194609675902893,-0.003860664527863391
