k,noisy,prediction,overlap_mean,overlap_median,overlap_trimmed_mean
10,0.6531868740810676,-0.04151249770943796,-0.04382827333621404,-0.043074042676079616,-0.04378763602383427
