k,noisy,prediction,overlap_mean,overlap_median,overlap_trimmed_mean
10,0.6176499897946974,0.05031544012382373,0.051690654900129744,0.05158752232552148,0.05173865443349256
