k,noisy,prediction,overlap_mean,overlap_median,overlap_trimmed_mean
10,0.6691710732950361,0.001033735964469668,-0.0009445840012330445,-0.0008435352127261622,-0.0009385140805497031
