k,noisy,prediction,overlap_mean,overlap_median,overlap_trimmed_mean
10,0.6576890271502889,-0.042754118571127056,-0.04446356335488232,-0.04316532608881228,-0.044463922385248766
