k,noisy,prediction,overlap_mean,overlap_median,overlap_trimmed_mean
10,0.6408386012641588,-0.0033704405808379625,-0.004298354781380731,-0.004438474827531976,-0.004299711399988331
