k,noisy,prediction,overlap_mean,overlap_median,overlap_trimmed_mean
10,0.8859008405856416,-0.30097558124025314,-0.3107305933381337,-0.30834537621409197,-0.3106765645314952
