k,noisy,prediction,overlap_mean,overlap_median,overlap_trimmed_mean
10,0.6958986209693768,-0.13651219150977806,-0.14334954132499791,-0.14142799425930908,-0.14326313725604325
