k,noisy,prediction,overlap_mean,overlap_median,overlap_trimmed_mean
10,0.5801078397287698,0.03545808681032959,0.038811253606046446,0.03785411884116144,0.03887659869471358
