k,noisy,prediction,overlap_mean,overlap_median,overlap_trimmed_mean
10,0.6742070848073047,-0.07268959360166204,-0.07774478590478032,-0.07708461167445994,-0.07768976543158354
