k,noisy,prediction,overlap_mean,overlap_median,overlap_trimmed_mean
10,0.7256933132977491,-0.07349508327917241,-0.07891071626692174,-0.07861608416654321,-0.07888949274657116
