k,noisy,prediction,overlap_mean,overlap_median,overlap_trimmed_mean
10,0.6605936331086913,-0.023939628133698133,-0.024446143961722937,-0.02430610062075886,-0.024441823417761976
