k,noisy,prediction,overlap_mean,overlap_median,overlap_trimmed_mean
10,0.621695527961647,-0.01822804236618697,-0.02009418632296751,-0.019365319705118535,-0.02001960475474727
