k,noisy,prediction,overlap_mean,overlap_median,overlap_trimmed_mean
10,0.6209477414059481,0.05148497997258688,0.05511692965027296,0.053181114660170156,0.05509331242978872
