k,noisy,prediction,overlap_mean,overlap_median,overlap_trimmed_mean
10,0.562286650486749,0.03999107353566217,0.043415696894848844,0.04303258225602704,0.04340479186445931
