k,noisy,prediction,overlap_mean,overlap_median,overlap_trimmed_mean
10,0.678368805380225,-0.07602840906741216,-0.0820320726031601,-0.08097348848830545,-0.08194211923321629
