k,noisy,prediction,overlap_mean,overlap_median,overlap_trimmed_mean
10,0.6765678143823584,-0.08857602423413888,-0.094355352943408,-0.09363191786308477,-0.09433267193439812
