k,noisy,prediction,overlap_mean,overlap_median,overlap_trimmed_mean
10,0.7878179005378873,-0.21295236014745586,-0.22435602874984906,-0.22121347184719717,-0.22424707690706588
