k,noisy,prediction,overlap_mean,overlap_median,overlap_trimmed_mean
10,0.6752056638708616,0.018984975294107163,0.01940389588327978,0.01895098621324992,0.019424366546043282
