k,noisy,prediction,overlap_mean,overlap_median,overlap_trimmed_mean
10,0.7501590850533052,-0.20683712877673086,-0.21627705580975218,-0.21494961348788932,-0.21618033092334593
