k,noisy,prediction,overlap_mean,overlap_median,overlap_trimmed_mean
10,0.695735714998445,-0.09263566679784713,-0.09869639885122558,-0.09732695740296259,-0.09868654281931011
