k,noisy,prediction,overlap_mean,overlap_median,overlap_trimmed_mean
10,0.6916733591654514,-0.06050026950413378,-0.0648587345668825,-0.0641022603352835,-0.06482207615875546
