k,noisy,prediction,overlap_mean,overlap_median,overlap_trimmed_mean
10,0.6033072486762955,-0.07064251753221525,-0.07584834184306928,-0.07437443967644615,-0.07582143557354391
