k,noisy,prediction,overlap_mean,overlap_median,overlap_trimmed_mean
10,0.7226428479512689,-0.043298989362196325,-0.04571719918839362,-0.04534143129519502,-0.04564796343997798
