k,noisy,prediction,overlap_mean,overlap_median,overlap_trimmed_mean
10,0.6223086347673004,-0.06000417771323794,-0.06412322312849528,-0.06352934569412891,-0.06409700867645543
