k,noisy,prediction,overlap_mean,overlap_median,overlap_trimmed_mean
10,0.5525471885898375,0.044715918432155645,0.04695215575364909,0.04530143029420243,0.046888834029201645
