k,noisy,prediction,overlap_mean,overlap_median,overlap_trimmed_mean
10,0.6286894943527886,-0.04478952234750703,-0.0480865729116197,-0.04774158986239242,-0.04806963022565931
