k,noisy,prediction,overlap_mean,overlap_median,overlap_trimmed_mean
10,0.598211195048059,-0.00682910212199522,-0.007118639674372228,-0.0069451456911400564,-0.007106346669137123
