k,noisy,prediction,overlap_mean,overlap_median,overlap_trimmed_mean
10,0.5199385095496377,0.07037215918038675,0.07509908563750328,0.07368474061264003,0.07509582991567178
