k,noisy,prediction,overlap_mean,overlap_median,overlap_trimmed_mean
10,0.7196643200858737,-0.15413102018689198,-0.1606322475915019,-0.1597472591673452,-0.16056096875819403
