k,noisy,prediction,overlap_mean,overlap_median,overlap_trimmed_mean
10,0.6148271474358098,0.0020505924930106965,0.0037315013533736592,0.003430577351908617,0.0037157827375492443
