k,noisy,prediction,overlap_mean,overlap_median,overlap_trimmed_mean
10,0.5785657558316168,0.018128655234348083,0.0201464022941484,0.020039041129553195,0.020119484674514323
