k,noisy,prediction,overlap_mean,overlap_median,overlap_trimmed_mean
10,0.5916613195582123,0.024147746020537292,0.027453766477815722,0.02720878649133828,0.027445592491216832
