k,noisy,prediction,overlap_mean,overlap_median,overlap_trimmed_mean
10,0.58324680910144,0.0027762792508469573,0.003934342997271762,0.0038150433131978138,0.003925197687320966
