k,noisy,prediction,overlap_mean,overlap_median,overlap_trimmed_mean
10,0.6452574710316777,0.023919065045507167,0.025378751483624052,0.02508423218554278,0.025364640796122204
