k,noisy,prediction,overlap_mean,overlap_median,overlap_trimmed_mean
10,0.6551902066374112,-0.04553570181912037,-0.04769705277238342,-0.04729912352347828,-0.04767212150762263
