k,noisy,prediction,overlap_mean,overlap_median,overlap_trimmed_mean
10,0.47696787799205476,0.006226473679071051,0.006401604190454849,0.005806580871549335,0.006425834056920337
