k,noisy,prediction,overlap_mean,overlap_median,overlap_trimmed_mean
10,0.8571002955616499,-0.33198694338277035,-0.3420974758926729,-0.3392115773939254,-0.3420169407706223
