k,noisy,prediction,overlap_mean,overlap_median,overlap_trimmed_mean
10,0.5993296871786069,-0.005896034278657625,-0.0062452757338955335,-0.006385454638562582,-0.006244282620670521
