k,noisy,prediction,overlap_mean,overlap_median,overlap_trimmed_mean
10,0.6678827744027369,-0.04775515829566146,-0.05080291062981415,-0.05040936051978061,-0.05079110595574281
