k,noisy,prediction,overlap_mean,overlap_median,overlap_trimmed_mean
10,0.7527295914757918,-0.17697396035156102,-0.1857233859678122,-0.18411261846898527,-0.18566339131769738
