k,noisy,prediction,overlap_mean,overlap_median,overlap_trimmed_mean
10,0.630296043445248,-0.06604923092448099,-0.0689743287192861,-0.06842372775780299,-0.06891960581890486
