k,noisy,prediction,overlap_mean,overlap_median,overlap_trimmed_mean
10,0.6757971154570729,-0.08953330180951187,-0.09436030315899954,-0.09338616735937383,-0.09430424528207744
