k,noisy,prediction,overlap_mean,overlap_median,overlap_trimmed_mean
10,0.6151215290815659,-0.03309317330952892,-0.036533879362353264,-0.035757916867869395,-0.03652072708265277
