k,noisy,prediction,overlap_mean,overlap_median,overlap_trimmed_mean
10,0.7056206361264368,-0.09759863090631929,-0.100431963260789,-0.10028493478672226,-0.10032810508473297
