k,noisy,prediction,overlap_mean,overlap_median,overlap_trimmed_mean
10,0.7096057006916374,-0.13154897988917205,-0.13978620856368518,-0.138256084270356,-0.13974175759724156
