k,noisy,prediction,overlap_mean,overlap_median,overlap_trimmed_mean
10,0.703739104911356,0.08962466932434765,0.09458343971865962,0.09293354151585964,0.09455799795904987
