k,noisy,prediction,overlap_mean,overlap_median,overlap_trimmed_mean
10,0.6359163202900129,0.04175200208430924,0.043749469056803256,0.04337911435391962,0.04379729355254853
