k,noisy,prediction,overlap_mean,overlap_median,overlap_trimmed_mean
10,0.7440049934786767,-0.0710533609601029,-0.07589319303213356,-0.07289620229014714,-0.07577982363184127
