k,noisy,prediction,overlap_mean,overlap_median,overlap_trimmed_mean
10,0.5967094921864853,0.028721747681973688,0.03134712667065966,0.030430900011810636,0.031296196219512275
