k,noisy,prediction,overlap_mean,overlap_median,overlap_trimmed_mean
10,0.5836616073288441,0.041905633089535585,0.04607420677268784,0.045441395762641675,0.04606993663978059
