k,noisy,prediction,overlap_mean,overlap_median,overlap_trimmed_mean
10,0.5418923440795265,-0.04348260997783784,-0.044543020384109795,-0.04442917013159378,-0.04452488427402057
