k,noisy,prediction,overlap_mean,overlap_median,overlap_trimmed_mean
10,0.6049158999928371,-0.06631258866468705,-0.07185944031987958,-0.07131035795274875,-0.07182194836295928
