k,noisy,prediction,overlap_mean,overlap_median,overlap_trimmed_mean
10,0.5725849768816408,0.057965856678717544,0.0621166899123174,0.06106004732667848,0.06208531893242134
