k,noisy,prediction,overlap_mean,overlap_median,overlap_trimmed_mean
10,0.5616261815536703,0.01143620355467888,0.012295968317656277,0.01226226451845569,0.012294821694734937
