k,noisy,prediction,overlap_mean,overlap_median,overlap_trimmed_mean
10,0.685624405929795,-0.10489324061570286,-0.10926529621345604,-0.10814116633106723,-0.10921262558174388
