k,noisy,prediction,overlap_mean,overlap_median,overlap_trimmed_mean
10,0.6832658436368361,-0.07247033878647637,-0.07788687748221643,-0.07685333547813705,-0.0777945972204946
