k,noisy,prediction,overlap_mean,overlap_median,overlap_trimmed_mean
10,0.5564102554048079,-0.03973494015757253,-0.04238153367854121,-0.04174463070150018,-0.04232787324986059
