k,noisy,prediction,overlap_mean,overlap_median,overlap_trimmed_mean
10,0.6729853905413559,-0.0028210362480243557,-0.004058757974028077,-0.003796993170175402,-0.00407931248188684
