k,noisy,prediction,overlap_mean,overlap_median,overlap_trimmed_mean
10,0.6500722781452393,-0.08946585460163287,-0.09523663253266074,-0.09454744843087873,-0.09520098380548335
