k,noisy,prediction,overlap_mean,overlap_median,overlap_trimmed_mean
10,0.5497405511558436,0.05704960949373064,0.06320205613976054,0.06256311963122578,0.06315038478491433
