k,noisy,prediction,overlap_mean,overlap_median,overlap_trimmed_mean
10,0.6153741849042718,0.02656516362928554,0.026902597793389906,0.027007296139241913,0.026937876552694102
