k,noisy,prediction,overlap_mean,overlap_median,overlap_trimmed_mean
10,0.5293721649634245,0.01857376390023533,0.02184151179736913,0.021589200727987302,0.021845934373980327
