k,noisy,prediction,overlap_mean,overlap_median,overlap_trimmed_mean
10,0.5948588489402828,0.06627080479714122,0.06971539777703584,0.06918856995526716,0.06969739617308897
