k,noisy,prediction,overlap_mean,overlap_median,overlap_trimmed_mean
10,0.6256064417526234,-0.0018554129609057136,-0.0021300980849979206,-0.002554758347178012,-0.002073522437221739
