k,noisy,prediction,overlap_mean,overlap_median,overlap_trimmed_mean
10,0.7017978458403343,-0.10984430106555913,-0.11573040770675745,-0.1140659004734234,-0.11564165380778053
