k,noisy,prediction,overlap_mean,overlap_median,overlap_trimmed_mean
10,0.5757862145860423,-0.007517049882027594,-0.00800732003337881,-0.007832500675249,-0.007997709123544881
