k,noisy,prediction,overlap_mean,overlap_median,overlap_trimmed_mean
10,0.49366992603253723,0.04655555436370073,0.05076257007974418,0.049407935876872464,0.05077653856316867
