k,noisy,prediction,overlap_mean,overlap_median,overlap_trimmed_mean
10,0.5852487591773831,0.020290447451766436,0.023152788252697783,0.022795631992106734,0.023129155886266847
