k,noisy,prediction,overlap_mean,overlap_median,overlap_trimmed_mean
10,0.5046222765511721,0.02672985182801638,0.029944943090291224,0.0279080226431375,0.029858798280174643
