k,noisy,prediction,overlap_mean,overlap_median,overlap_trimmed_mean
10,0.7913060809257085,-0.16346732034134454,-0.1721686093962203,-0.17087638378554806,-0.17212506491672067
