k,noisy,prediction,overlap_mean,overlap_median,overlap_trimmed_mean
10,0.8411764239763998,-0.2376094055059342,-0.24672941409201077,-0.24452153781020902,-0.2466628454952996
