k,noisy,prediction,overlap_mean,overlap_median,overlap_trimmed_mean
10,0.6458751939461171,0.007230087967716693,0.006744532380236144,0.006221226536652186,0.00671654503218512
