k,noisy,prediction,overlap_mean,overlap_median,overlap_trimmed_mean
1,20.137741735960528,23.178680243865273,23.194111809898146,23.194111809898146,23.194111809898146
2,20.19226576530471,23.162144234215702,23.395685202184957,22.423862585049218,23.395685202184957
3,20.179030683566296,23.142955535068083,23.382199904759062,23.344482526321556,23.382199905515293
4,20.162467797567167,23.17618772194659,23.476841562966673,22.95901097607875,23.47684156521149
