k,noisy,prediction,overlap_mean,overlap_median,overlap_trimmed_mean
1,20.157203912396234,18.991018540014036,19.006239319412014,19.006239319412014,19.006239319412014
2,20.181560648110597,19.04025325543075,19.117243118512118,18.44700000950127,19.117243118512118
3,20.16244442889993,19.045294621682793,19.159418637977595,19.139221876315805,19.15941862877213
4,20.19101968071332,18.993960586905665,19.172964907222095,18.81453100231511,19.172964926501216
