k,noisy,prediction,overlap_mean,overlap_median,overlap_trimmed_mean
1,0.38088763364939543,0.7245326963883653,0.725072050044822,0.725072050044822,0.725072050044822
2,0.38088763364939543,0.7245326963883653,0.7446587289828045,0.733658996015811,0.7446587289828045
3,0.38088763364939543,0.7245326963883653,0.752272270131629,0.745121434294118,0.752272269529199
4,0.38088763364939543,0.7245326963883653,0.755451957361426,0.747106635435106,0.7554519569761413
