k,noisy,prediction,overlap_mean,overlap_median,overlap_trimmed_mean
1,0.24351736521320744,0.814987355569003,0.8116938967321377,0.8116938967321377,0.8116938967321377
2,0.24470572053173623,0.821307537031938,0.8477975241582846,0.8287641994136684,0.8477975241582846
3,0.24195323147937317,0.8170610065930705,0.8552584537953821,0.8473945230599836,0.8552584536418958
4,0.24340913980061044,0.8185523306500958,0.8638362656240247,0.8551129351847372,0.8638362657257624
