k,noisy,prediction,overlap_mean,overlap_median,overlap_trimmed_mean
1,0.3027288720431339,0.7834247240864113,0.7815744703893326,0.7815744703893326,0.7815744703893326
2,0.3023288106203763,0.7816285254318187,0.8088646426134927,0.7947852392136485,0.8088646426134927
3,0.3035981794278596,0.787665982303795,0.8215623189995723,0.812620373699689,0.821562319733133
4,0.30279098273210203,0.7842922958953601,0.8288072921659844,0.8193021943317915,0.8288072924628276
