k,noisy,prediction,overlap_mean,overlap_median,overlap_trimmed_mean
1,0.44379716406568687,0.7252807785690294,0.722905780904111,0.722905780904111,0.722905780904111
2,0.4460093986298137,0.719542813930111,0.7399213550473814,0.7203193405555008,0.7399213550473814
3,0.4435473354430581,0.7198965526760979,0.7490529981864358,0.7429187512978312,0.7490529983498443
4,0.4449522149811668,0.7196966559481918,0.752483316609992,0.7388087664260261,0.752483315977867
