k,noisy,prediction,overlap_mean,overlap_median,overlap_trimmed_mean
1,0.505577945842197,0.7513321374559921,0.7557810452503003,0.7557810452503003,0.7557810452503003
2,0.5063439466008054,0.7570509661058462,0.771430710618312,0.7631614545850953,0.771430710618312
3,0.5041748233803689,0.7496128979874551,0.777010890006334,0.7716306374131581,0.777010890540005
4,0.5066629424201009,0.7546024180604308,0.7817130704339743,0.7763367725547624,0.7817130703576496
