k,noisy,prediction,overlap_mean,overlap_median,overlap_trimmed_mean
1,0.34916649218707635,0.7420641018983564,0.738168455414602,0.738168455414602,0.738168455414602
2,0.35022788229617113,0.7424407721053744,0.7681165709160481,0.7521057036495932,0.7681165709160481
3,0.3489331225832072,0.7456267908404812,0.7708525191748996,0.7632606432443351,0.7708525182441837
4,0.3500939790577988,0.7429737877086068,0.7769964226632535,0.7671194722464009,0.7769964228722696
