k,noisy,prediction,overlap_mean,overlap_median
1,20.14809139678527,21.4809837123735,21.477184013985102,21.477184013985102
