k,noisy,prediction,overlap_mean,overlap_median
1,20.19101968071332,17.186114619445558,17.23260749330706,17.23260749330706
