k,noisy,prediction,overlap_mean,overlap_median
1,20.157203912396234,18.991018540014036,19.006239319412014,19.006239319412014
