k,noisy,prediction,overlap_mean,overlap_median
1,0.44379716406568687,0.7252807785690294,0.722905780904111,0.722905780904111
