k,noisy,prediction,overlap_mean,overlap_median
1,0.505577945842197,0.7513321374559921,0.7557810452503003,0.7557810452503003
