k,noisy,prediction,overlap_mean,overlap_median
1,0.34916649218707635,0.7420641018983564,0.738168455414602,0.738168455414602
